id,first_name,last_name,email,phone,gender,banned
e0b8ebfc-6e57-4661-9546-328c644a3764,Dori,Dietrich,patrica@keeling.net,(272) 301-6356,Male,false
104fdf33-c8a2-4f1c-b371-3e9c2facdfa0,Gordon,Hammes,glen@cummerata.co,403-844-1643,Male,false
b10231f8-d7a2-4486-a4e9-f55bf80e27fe,Malia,Ernser,eboniemetz@dickinson.com,284.579.1376,Male,false
6cc17b57-478f-4b1d-adcf-437af488fe7f,Garth,Bradtke,magaly@berge.io,739-115-2646,Female,false
2f16fb54-3113-4bca-83c0-6bdefd612520,Diego,Yundt,samellawilliamson@leschkuphal.io,(665) 979-8685,Male,false
08ced56c-f223-4f41-b5dc-76eb6fa15b93,Lanell,Dickinson,arlenmurray@hyattschiller.io,(845) 101-3658,Male,false
7f71a7f3-629b-42c2-a903-9460bf6b1891,Tora,Runolfsdottir,waipacocha@morar.net,1-907-633-5845,Female,false
110f2a57-9e65-47eb-934b-ee74c0451546,Claud,Oberbrunner,marcel@rohanbogan.name,1-367-902-6592,Female,false
a1fa2efb-1bf3-4d8b-a2c8-154ab7899f32,Herminia,Quitzon,deandre@labadie.com,1-611-598-0041,Male,false
cc61bcb7-5cb4-4020-83db-33c4dba7390b,Hoyt,Kuhic,amal@wolff.name,1-525-753-7683,Male,false
1da8210b-43a7-4649-9311-31aa93505355,Tai,Aufderhar,erwinreynolds@stark.name,(803) 439-9915,Male,false
725fc694-63fc-4d38-8b60-480d3b3c33eb,Bess,Wilderman,adrienne@hilll.org,1-105-226-1269,Male,false
25f11850-7162-4b1b-92cd-4246db23cc75,Angelic,Rosenbaum,stefani@bergewunsch.com,(193) 115-3340,Female,false
007a2d25-acb0-461d-bb79-ed45750587b5,Na,Stamm,juleslueilwitz@robertswisoky.info,548-195-1415,Male,false
21145506-548b-472c-bcac-8672f940e5bd,Lorette,Hilll,marcos@ruecker.com,(452) 718-6758,Male,false
7fe04d9f-f6fb-4a78-92b1-8765a66763fe,Kevin,Barrows,maynard@marvinwolf.org,722-697-1567,Male,false
0d64d654-e493-4165-830a-098030e9a5ce,Jaime,Hagenes,eieschumm@bahringer.io,165-849-2653,Female,false
65b27e1c-d8be-4a35-be9f-89af57356e2c,Irwin,Johnston,jeffrey@glover.info,896-201-3088,Male,false
d0195d5b-b4c6-43fc-a204-0f23e4da121f,Nelda,Schimmel,jaquelynwisozk@reinger.info,785.001.8288,Female,false
690133c1-785c-49b1-8c59-4416a8545260,Michael,Orn,ivan@bruen.name,167-172-7480,Male,false
79931449-7ca4-4db8-aec0-2c78e08f6bfc,Kent,Koepp,argelia@ko.co,972.845.0258,Female,false
9bcb8313-24b8-4e1f-8abf-47cd05e93b06,Lavonda,Deckow,dennissatterfield@boyer.org,1-454-084-2035,Female,false
aa1b3e64-8379-4e64-8b1f-d9f542058a44,Christen,Hermann,bobwunsch@wehner.info,(873) 257-2444,Male,false
2233143b-5d8c-4c47-9803-4ca3d33cb314,Latarsha,Herman,monroebatz@franecki.name,1-418-867-4486,Male,false
62a86035-c792-427b-9a19-a7bcd8a474ee,Rochel,Swaniawski,meg@rolfson.info,913-227-8993,Female,false
a651fd9b-bf8e-40a0-8f49-3305a8a133b1,Nakisha,Johnson,sethbashirian@champlinmitchell.com,(383) 138-1555,Male,false
912de751-87d1-4178-af5a-1ecc4c5d6fe4,Jewell,Daniel,charolette@johnsboyer.com,(556) 081-3965,Male,false
e6ff36d4-3607-4ef5-9ce8-54442b303e80,Gary,Satterfield,hsiu@kertzmann.org,(203) 114-0958,Female,false
0d58e3cd-ec74-4120-8dce-c563bba87799,Lowell,Mayert,shalarath@leuschke.info,1-314-480-2463,Female,false
8346ed2c-2d4c-4320-b3a9-430e34e587d1,Galina,Kilback,debihintz@doyle.io,1-545-404-3016,Female,false
0af7c9e3-99a1-4d1b-ad92-d8554b3a4241,Jeff,Steuber,maximobartoletti@bradtkefadel.com,(717) 754-6034,Male,false
936a1aba-a8b2-4d3e-9872-06ff2fec8ab0,Katelyn,Hartmann,chang@blick.net,504.459.2434,Male,false
88341059-ecaa-44cc-912e-669a4fbbd63e,Eldridge,Jenkins,sharrongoldner@predovic.org,606-230-0795,Male,false
6907ef58-5db5-4cd0-b740-ea166093bcab,Sharla,Turner,randallortiz@white.net,164-542-2591,Female,false
101366e7-9d33-4c36-ad01-173b2d061b1f,Jeffry,Smith,samualledner@kling.com,1-657-030-2196,Male,false
e86c17d0-3027-47d1-a0e1-05c17d17b7c7,Raelene,Wyman,devin@walsh.org,164.021.1372,Male,false
271c2bb5-689f-4a00-a552-83605affe02b,Cecil,Gutkowski,juliandibbert@rodriguez.org,645-571-1269,Male,false
23ed239e-0c6f-49b9-a394-c023573735c2,Chante,Bosco,judethiel@denesik.biz,644-259-4392,Male,false
d6c41e37-adf1-4c84-9d86-6349634174fc,Miguel,Tremblay,isaiasharvey@watsica.co,1-183-655-3975,Female,false
99a9b7da-2cde-4543-ae29-8ae38b70d198,Leo,Toy,rachael@okeefe.com,944.537.2506,Female,false
52edc4cd-ecf1-4c29-b0cd-064f66426d69,Bernadine,Kiehn,virgina@champlinrippin.name,990-705-7972,Male,false
e318192c-e6c7-4b38-bc83-591f54f6d5ab,Tiffany,Marquardt,carmel@senger.io,1-441-655-7638,Male,false
b04e3ac9-c9f0-420a-9c4d-34bd41a46e36,Christopher,Pollich,carmen@rolfson.org,115-766-3340,Male,false
de383a04-ba82-4441-87be-7bf9b81fe92d,Laila,Willms,marleen@hauck.io,412.732.2533,Female,false
78afc583-c1ea-472b-b24d-4316e74d071d,Jerald,Mueller,adah@doyle.net,1-475-210-9172,Male,false
d7fad868-7517-4a1b-a234-e2450ca65ec4,Berna,Blanda,darinhintz@schoen.info,784.565.1333,Male,false
bc9292d3-4a80-4b7e-89c0-351e8e79c9c3,Mei,Jakubowski,edgardo@bednar.org,1-479-676-8107,Female,false
aaa9abe4-53cb-47a5-87e6-c56a4496e9f4,Abram,Gutkowski,omerullrich@buckridge.name,981-424-2704,Male,false
8f90ea2c-e518-4606-a02d-8c472973ea40,Ernesto,Kris,sumikolynch@pollich.com,1-733-201-2652,Female,false
64ae7be5-1a3f-4b98-9392-99993c9821a7,Ira,Casper,cliffschuster@gutmann.co,117.559.8191,Female,false
0a8ff4b2-d64e-48d1-9bd2-56386b6f2b75,Gerda,Grimes,rosalbalangworth@romaguera.io,967-770-4698,Male,false
dce75599-0164-49da-b266-74026ea078d4,Marshall,Collins,michalekirlin@gerhold.co,863.043.9524,Male,false
de8551cb-cb32-401c-923d-d2f119c1c7ca,Velvet,Glover,evanjacobi@gusikowski.name,557-727-7830,Female,false
11be032d-72cc-4b6b-a972-a43e708fb802,Shelly,Hammes,anya@nienow.biz,1-766-420-3356,Female,false
76a36ce4-67f1-45b1-8659-e04ce18cb059,Peggy,Hauck,theo@bartolettimueller.org,1-134-681-2668,Female,false
f5726b2a-9962-451b-b7eb-c0adefdb0fb5,George,Barrows,natalieblock@fadel.co,(283) 034-1604,Male,false
1bc997d9-d608-4548-a5fd-d628c309315e,Meghan,Hagenes,audrea@schmeler.name,(832) 303-4483,Female,false
4af9418c-ccd5-4c84-b3b2-ead29e3b549c,Marcel,Quitzon,claudio@monahan.org,1-254-188-0338,Female,false
de65f69e-4dd3-4b15-8377-28a75647daad,Julian,Greenfelder,pandoraquitzon@skilesohara.net,(555) 358-9906,Male,false
9a8ff94c-7c48-4dad-91d4-3531ff109cf2,Otha,Gaylord,elmoleuschke@gerholdveum.co,1-279-445-0972,Female,false
58988d04-6e81-4085-99d6-605bef802f40,Shandra,Wuckert,helenbarrows@rauschoen.biz,405.614.3392,Female,false
96d8e298-983a-4232-b0fd-57535eead76a,Jazmine,Greenholt,timmybaumbach@reynolds.info,201.750.5756,Male,false
0501bf6f-6faf-4b81-9ca0-b86423a5d4b3,Jeanelle,Bruen,rodrigoondricka@ebert.com,383-739-5986,Male,false
a2c709ef-82a5-4d94-8bc7-138619ca5deb,Alysha,Ortiz,jeoconnell@armstrong.name,466-432-3059,Female,false
773bac3b-43da-46c7-8117-8d19142e68f7,Toby,Von,nealprice@goldner.biz,(521) 224-5705,Female,false
1f0bf5b2-9e9e-4f8d-b07a-ec330e1ad2cb,Lacy,Fadel,santiagorippin@roobfriesen.net,(885) 870-6420,Male,false
7a31856b-0c7a-4234-b4a0-fe5201fcf050,Larae,Balistreri,aleenlubowitz@gleasonlakin.co,919-452-5579,Male,false
549b0574-ae7d-441b-8c67-bc2f98cc753a,Flora,West,trangbechtelar@ortizdubuque.biz,1-411-755-8726,Male,false
bb7b694d-c5ed-4ad4-8320-c2a0d5afff53,Leo,Sawayn,tony@willgutkowski.com,893-943-5069,Male,false
a8aa2ef8-4b39-490d-83d0-78298d2dfe0f,Johana,McLaughlin,laurice@leuschke.co,527.309.3902,Male,false
4e2d21e8-180c-4ea9-8384-0b17b4673473,Brooke,Pfannerstill,makeda@wiza.io,(438) 502-9570,Female,false
e0779fa6-7635-4df6-b906-d0d665ce5044,Tinisha,Roob,neta@schroederlittle.biz,161-202-6141,Male,false
5874a4fc-d96c-426f-8ae8-c7dfa5b60c3e,Isiah,Rowe,howardhickle@fay.org,676.216.5572,Female,false
e78bdec6-8c8e-42e8-8e0b-f3f9657f4181,Frances,Muller,bennie@casperbraun.com,(848) 537-6593,Female,false
20b469e2-c9f7-49f3-bd3a-e79fe8180d8a,Arnold,Luettgen,stanfordframi@stamm.biz,706.333.8137,Male,false
1a9ac431-f772-4e4d-8bcd-fba0fbaaccdf,Elizebeth,Pollich,lavern@frami.info,(639) 247-8100,Female,false
a928261d-9e66-48fa-b066-c61fff2dd3e6,Seymour,Hahn,lonna@rolfsonhackett.io,1-698-085-9431,Female,false
c3e713ef-f6e6-4570-b481-2c3926df406f,Lonny,Wilderman,andrew@donnellyfriesen.io,(437) 776-0610,Male,false
1b367dbb-8671-435f-a38f-afd71483ee30,Jacquie,Feest,lucienruecker@willms.info,1-506-768-5106,Female,false
5d050bb8-5ca1-465a-afa7-a636a91075e7,Jazmin,Kunde,rubingutmann@volkman.net,373.951.3000,Female,false
8c4ee803-4c54-4087-a17f-9c53041d35c9,Roberto,Turner,bernardo@reinger.info,1-283-007-7089,Male,false
6db46ac7-105f-415f-91e3-bf1f7fdc2b19,Salvatore,Feest,moira@thompson.io,422.201.4203,Female,false
eeb0028d-bf24-4cf7-a28f-fe90b7674b34,Roselyn,Larkin,nathaniel@dickens.name,(981) 849-1670,Female,false
379eac1e-1c79-4478-b83e-17a726d154a7,Cedric,Volkman,dillondietrich@quigley.com,(723) 130-5382,Male,false
db453d54-d7ef-4cc3-b342-52b80fa0936a,Mckinley,Greenholt,bernardowalker@collins.name,(816) 066-4467,Male,false
9df98732-1696-45d4-b055-672909bf295c,Bob,Padberg,jame@cruickshank.name,549-939-2337,Female,false
35455af2-17d4-4790-8f59-c2790fcaf259,Francina,Raynor,zandra@larsonrobel.info,1-663-425-8111,Female,false
e04d3bba-90fb-47a5-a512-3ce966c519f0,Florencia,Trantow,jaimie@prosaccobayer.co,(770) 519-2189,Male,false
d8ce4221-b01b-43a0-bd94-e3b9aa58d039,Jim,Grady,georgeann@king.org,(563) 220-0434,Male,false
0296c403-c298-4ccd-acd6-422cf9d27728,Oleta,Maggio,roslyn@jaskolski.net,1-101-365-2091,Male,false
da076851-9b11-46dc-8da0-1da71bf7d909,Roxie,Rau,kirsten@larkinrosenbaum.biz,961-468-1035,Male,false
9707e334-5949-4b8f-af5b-e1e8e8afdb94,Lovetta,Corwin,everettabshire@hermannwalsh.biz,750.617.4774,Female,false
6fbd3276-6240-4180-8905-8f4287fded83,Isreal,Gleason,chaidycremin@fahey.name,(317) 871-4825,Female,false
c708d3a1-043c-421e-bdf9-0ac970aa91d1,Lenny,Runolfsdottir,rashad@goodwin.io,1-889-221-0312,Female,false
d94ad66f-f1d1-46ad-aaaf-423965dba2fa,Maranda,Hayes,jamal@king.org,710-539-5484,Male,false
18e928f0-dfe6-4609-9a8b-072de89bc3cb,Felipe,Walsh,doylewaters@strosin.co,590-951-1150,Female,false
263f67fa-ce8f-447b-98cf-317656542216,Krystle,Harvey,romeorunolfon@corwin.co,1-580-807-6075,Female,false
4f147eda-3805-4cc7-a9aa-a1163ac547b0,Blake,Reynolds,mitchell@leffler.com,781.854.4888,Female,false
9d854724-2a2c-4cb9-8dfc-f92b070d5ad0,Coleman,Buckridge,elvin@mann.net,680.385.2068,Female,false
1163f823-3849-4294-8a7c-66a556f5122c,Hugo,MacGyver,jason@wehnermarks.co,(875) 159-3581,Male,false
