id,appointment_id,name,price,loyalty_points
d2d3b92d-f9b5-48c5-bf31-88c28e3b73ac,7416ebc3-12ce-4000-87fb-82973722ebf4,Shampoo,19.5,20
5bd41515-4c91-4ea7-9b0e-266617097852,7416ebc3-12ce-4000-87fb-82973722ebf4,Moistureiser,30.0,30
68e2105e-a8bb-48bc-97bd-d43411f86c0e,57b23971-74f4-464c-b79b-3326cd01fc15,Shampoo,19.5,20
ab9ae272-d534-443d-9606-93ddce252d58,76544614-e172-44fd-a5a2-a0ac172630ca,Shampoo,19.5,20
fe25f836-44d7-4dba-888e-9c55c9b91dde,49eb6e7f-1844-4922-ae6f-ba546cdd2551,Body Wash,11.0,10
8012bdd1-2b26-4ae7-a650-9e3d26b3708d,76f2857c-9242-4adc-ba42-e8d391caea9d,Cleanser,20.0,20
efccaa81-22d8-4bef-bcc5-4e2d76921a6a,76f2857c-9242-4adc-ba42-e8d391caea9d,Moistureiser,30.0,30
bb37733d-34af-4ce8-9b6d-38b6388e77b5,921597eb-5f20-4eec-9c36-6df0ef21ed67,Mascara,20.0,10
c70d5a25-5881-456d-a4d9-b8429ec6f166,921597eb-5f20-4eec-9c36-6df0ef21ed67,Foundation,25.0,10
2b2fe59f-f0ee-451e-bb92-6d2bd4e7f118,603418e0-bc71-44b8-81a9-b1f36c8364f7,Styling Gel,21.5,20
0fd7cde8-f3c3-4f8b-97c3-879e98dc4fb0,603418e0-bc71-44b8-81a9-b1f36c8364f7,Body Lotion,40.0,40
3b3d3889-769f-4a7e-8ac9-399bff1e9040,54b186f6-bac3-495c-9873-54ec806e9f40,Moistureiser,30.0,30
dd6e8b38-fcba-4f10-bbdd-9ef3afa73ea6,54b186f6-bac3-495c-9873-54ec806e9f40,Anti Ageing Cream,15.0,15
e3e321d2-f0a2-4135-837d-c1eac8877e29,3c595a8e-5803-4c56-95d1-d7725fbc455c,Shampoo,19.5,20
d6afdc20-063f-4e61-8e01-ee7af883ef6d,3c595a8e-5803-4c56-95d1-d7725fbc455c,Shampoo,19.5,20
a368353b-2274-44dd-a2d3-d3fd96bd2267,d613bc13-0f8d-4cb9-aea0-ad5200b873fc,Lip Gloss,32.0,15
1ac97fa8-417b-423f-bad1-c779da86caac,ac6032ba-8e0f-4f66-acd2-a06d0bc874ec,Conditioner,10.0,10
ad604d26-c785-4000-a55d-d637b00ef15d,ac6032ba-8e0f-4f66-acd2-a06d0bc874ec,Lip Gloss,32.0,15
c590e721-3acd-44be-82bc-758ad4a08061,07a77659-21b9-4eda-9f4e-54ea8b14f084,Moistureiser,30.0,30
c170ac82-c9a6-41ea-8c41-a6538be9545f,07a77659-21b9-4eda-9f4e-54ea8b14f084,Body Wash,11.0,10
7604730b-9361-4756-9be3-1c92fcabc17e,4afc90d1-4751-4842-bba3-9af64a708f10,Cleanser,20.0,20
ec1d6e55-c90e-4808-b5e9-ab5ce5312642,2878e8b1-23bf-4225-abaa-db4f06bdee61,Body Wash,11.0,10
b81ea13c-6e10-40a4-9d4d-ca8aeca2b29c,db9cc646-0fbd-4d2b-bf0f-2b7f6e4c358d,Hairspray,12.5,10
1ae23b0f-1ea4-4dae-aae5-446c81c7e582,ad1d2c3f-5cf6-457c-a021-bbdc830b552a,Lip Gloss,32.0,15
618cbfd8-7404-4a9c-9161-caf424a31dbb,ad1d2c3f-5cf6-457c-a021-bbdc830b552a,Mascara,20.0,10
8243dcac-a101-43f5-b953-af5849f78eec,89a1d4cd-7be6-4aab-9fc7-8841635dfa91,Conditioner,10.0,10
4f390578-1af2-4f5a-8bd9-12272a62ef5b,89a1d4cd-7be6-4aab-9fc7-8841635dfa91,Conditioner,10.0,10
3fab1218-a8ae-4ac9-9a52-959df530fb00,0dccc157-a204-488b-920d-5f331a120357,Hand Gel,17.0,15
eeeced56-4a37-4e4f-b6d2-cb4cfd0e301c,0dccc157-a204-488b-920d-5f331a120357,Foundation,25.0,10
c3a3235d-06b2-4fad-8304-e0cfcfe92de5,567f8779-29b7-4abf-b945-a616fff43277,Foundation,25.0,10
5418f3c2-003b-4c58-96dd-0ffe09496909,47835f0a-a063-4c7f-abe2-4e018b6f2d80,Cleanser,20.0,20
044b278a-bbc2-49f6-b769-07c939844739,47835f0a-a063-4c7f-abe2-4e018b6f2d80,Conditioner,10.0,10
a0529356-0f3a-4d0f-a8ae-33614c8383be,98eab02e-fad1-4b54-9e19-c3606807eb98,Styling Gel,21.5,20
26f64283-db08-4cc4-9314-19fec46c3d06,98eab02e-fad1-4b54-9e19-c3606807eb98,Cleanser,20.0,20
fef118ae-3a96-4de3-9db0-c0f1f8111ee4,20ae6bb1-0ab7-4813-85e3-8148affd041f,Conditioner,10.0,10
b72bc315-4936-450e-8131-18878099f2dd,1f0f9cc3-4c6b-4aa2-a73e-b6b78f5c7a5f,Anti Ageing Cream,15.0,15
ce9cf279-615f-4ef9-a829-f97b560c45e7,a1e6f7c9-1a7c-4f9e-a24b-253aef326e69,Mascara,20.0,10
11911e19-0837-43de-a796-7574c89d25c1,a1e6f7c9-1a7c-4f9e-a24b-253aef326e69,Shampoo,19.5,20
f30ed82f-5ab3-4747-a83d-b91f8975457f,77bac4b3-e938-401a-bed0-696f1d0490bb,Conditioner,10.0,10
519ed16d-5f1e-4e5e-bb94-99badf0b6389,77bac4b3-e938-401a-bed0-696f1d0490bb,Shampoo,19.5,20
8d2ebf9b-2e6c-46f5-9f3f-ce60f89ceff7,ccd3410f-b8b7-4c06-97c6-f0f9d5183e03,Hairspray,12.5,10
914ee030-e41e-4bef-a373-be6a79fa6011,3d9d8476-5fb6-411a-8db6-0657c1f7077d,Shampoo,19.5,20
82ec75c9-1af8-43f6-b471-d02b1a5f7102,b9b29e37-9136-481c-81ce-d883e5b15012,Lip Gloss,32.0,15
a0d8d7d4-6584-4147-9b84-2393d9ee0b4c,a89db7e7-93ba-4dca-bb82-9089959b9f1c,Hairspray,12.5,10
a4e786e1-f7eb-4f9e-90e1-6556f716ef38,a89db7e7-93ba-4dca-bb82-9089959b9f1c,Hairspray,12.5,10
b2d75056-ef54-4bf7-8ba3-1ca5e3c3c508,d4c22708-ce71-40a2-88a4-c305d21aa408,Anti Ageing Cream,15.0,15
3ab45ad4-2835-4a07-9bc5-c7af60020eeb,a84d1981-142a-46de-88e2-569ec5201add,Mascara,20.0,10
bdf17456-6b42-41d8-b958-2943c449cfca,a84d1981-142a-46de-88e2-569ec5201add,Body Lotion,40.0,40
1604074a-6799-449b-8d1d-8c6a82b56d86,62d6956d-1c7d-447b-8d3d-94745caac7af,Moistureiser,30.0,30
aecd9867-3aae-44c0-9a3e-b70d5fe985e3,3941b8eb-dea3-44f8-aa41-a2370b1fe1db,Lip Gloss,32.0,15
8ec60319-9a1e-40ed-bd82-b697d6a9d2e4,7525e4a4-dce3-4379-be27-89a8b99c2c9a,Body Wash,11.0,10
fab65fa7-fed7-43c5-8b44-83fef891f03c,19c38228-ce69-45b5-9557-0c4b16e993c5,Foundation,25.0,10
acfc1241-25be-4ab3-9c37-96f6b1a5ebd6,d3749667-7394-4309-a1a9-cd51f1bcf3a4,Styling Gel,21.5,20
21d3a2b9-a08a-4597-ab88-01d6c936f9ad,9bdc5be9-3d69-4044-92c7-2717d4c626b7,Anti Ageing Cream,15.0,15
97e67744-00ed-4114-acae-5854c7844028,9bdc5be9-3d69-4044-92c7-2717d4c626b7,Cleanser,20.0,20
86dc1761-b606-4a36-9c1b-9b0c35606c50,2bcadf7e-aed9-4418-b477-6405ce00d54d,Cleanser,20.0,20
5676f454-9f6f-4227-8ce1-377915951293,2bcadf7e-aed9-4418-b477-6405ce00d54d,Styling Gel,21.5,20
0a0d014d-4296-4b03-b7d8-484091df53f3,31df448a-53c1-4899-9743-8c15811e713b,Anti Ageing Cream,15.0,15
0a66e8ae-c0ec-405a-88ba-170c84a64e39,31df448a-53c1-4899-9743-8c15811e713b,Mascara,20.0,10
8b185011-fe0a-41ce-8ffb-be2add8b657c,6c05cf0d-0038-4ccf-9cc9-7a997f16baf9,Styling Gel,21.5,20
99ec5a71-702c-4326-ae1b-e861b1b9f202,9cd3a023-36fb-4d2f-880a-f223a96423e3,Mascara,20.0,10
8bd1268e-2f9d-4783-aff7-a1fd7b4affbc,9cd3a023-36fb-4d2f-880a-f223a96423e3,Body Wash,11.0,10
351472ec-2f09-4433-b1f5-56ffe37942a4,988a7943-00aa-43bf-8a58-319309c995ef,Mascara,20.0,10
6d365c14-5762-4f19-8fe9-62dfa1fcaa5d,988a7943-00aa-43bf-8a58-319309c995ef,Shampoo,19.5,20
7cc7a2d1-742f-4b40-b79a-a4ab237f4b7a,fdd6cc4c-eeea-4805-a5b4-5191a420ab49,Hairspray,12.5,10
a5502c67-eb99-4369-842f-8f9791c8b253,e486bf2f-64e7-47b6-a61c-4ff7048552a2,Hand Gel,17.0,15
ada5b51f-c768-459d-a844-9e3f6fdd7e93,e486bf2f-64e7-47b6-a61c-4ff7048552a2,Lip Gloss,32.0,15
869bb467-7e2b-4c50-8b20-90ebc80ce41c,e42389b4-ed0c-496c-bc00-88168507248f,Styling Gel,21.5,20
adb57743-64cb-4838-9d35-3b5dcddeff28,a2e0ea6b-0e0c-46c5-9a0e-daf5c8ad1c49,Conditioner,10.0,10
5b8ba943-ae17-4c02-8d1f-8bc80b91361a,a2e0ea6b-0e0c-46c5-9a0e-daf5c8ad1c49,Body Lotion,40.0,40
87b7df5a-eaa5-44fc-89eb-d9c1fab78071,8094a3e0-c885-425f-823a-1c3e0fceda16,Body Wash,11.0,10
fe86aa1a-8afb-490a-8c55-5996b93b65d4,6de33aec-d36c-4f53-8700-a15b6c5ba8ef,Styling Gel,21.5,20
244b4879-bbe7-46bc-a62e-e411028a0110,6de33aec-d36c-4f53-8700-a15b6c5ba8ef,Lip Gloss,32.0,15
0c5421c9-9133-4515-895e-56676ff50190,63df7847-ca5c-4ae6-8b96-0dd4c762b7b8,Hairspray,12.5,10
2f570ad7-1ad5-4bc2-9079-47eb938c0ad5,63df7847-ca5c-4ae6-8b96-0dd4c762b7b8,Styling Gel,21.5,20
235111a6-8bf9-4377-bdd0-9fd2a86c2957,b02fc2fe-3c44-4b60-b629-7efa6549087e,Foundation,25.0,10
efff6465-6bd0-4a70-8b48-986a2a079d6a,ed5be303-7e50-41f4-88b3-7f5d3f23a18c,Shampoo,19.5,20
fc0b6c5c-2821-4037-8af9-1860786208dd,ed5be303-7e50-41f4-88b3-7f5d3f23a18c,Shampoo,19.5,20
ef32f45d-32fc-4e7d-9144-cf48a8a19e53,81636e14-4431-47de-9e6f-7659983e4ff7,Shampoo,19.5,20
279a42a6-e47f-4ca9-b2c1-6036e5cba1c0,e7450ec0-5b52-4c72-afc8-9b11381e4421,Cleanser,20.0,20
6a5915ae-8dc4-430e-ae03-f2924e54dbaa,e30dd578-ea5f-4618-bca1-c3950e2e22d0,Lip Gloss,32.0,15
0d727f41-3d76-4598-85fa-817840d8e401,e30dd578-ea5f-4618-bca1-c3950e2e22d0,Body Lotion,40.0,40
6937ac29-6c95-401c-a3fa-b926accac62b,045e2eec-bdf9-457d-ab7e-63e34098721c,Foundation,25.0,10
66b57f72-61be-4ea3-8673-1237cec67dbd,045e2eec-bdf9-457d-ab7e-63e34098721c,Styling Gel,21.5,20
7ee43e8d-52af-4229-8f28-22d5f15b52d3,6f7c11ab-4705-4e2b-b32c-94df3ba97d65,Mascara,20.0,10
1c531a80-3400-4880-9289-dd89b5eef5f3,11dd5425-85b8-4e46-8bea-adcafa78d619,Moistureiser,30.0,30
84b56560-bd9f-4633-ae33-5b3f09a5cd61,4de6ca39-53f3-4c4d-99fc-dd3fbb094aa1,Cleanser,20.0,20
56df8b5d-2e3c-4ec9-a83c-2089cc11b143,4de6ca39-53f3-4c4d-99fc-dd3fbb094aa1,Foundation,25.0,10
5c7d11be-d17c-468a-b963-bd76660a76a1,ad2656d8-0509-4664-9b67-4005b9c6865b,Mascara,20.0,10
eaf15f44-2daa-49fe-8572-83f4fc69a8cb,ad2656d8-0509-4664-9b67-4005b9c6865b,Body Wash,11.0,10
0dcf63a5-ca77-4eba-b68b-0c085346fb2a,f52e9dd0-bfd6-43f1-82e2-94ef42dc314d,Hairspray,12.5,10
e2ce4406-0c05-4d23-b9b8-d2593b4be14b,76ab4b6f-5a4a-4a02-85a4-4d604258b60a,Conditioner,10.0,10
e0d18c68-6fd3-413e-a0fd-0a287e428a03,211e4b8e-128a-430b-a2d3-0cf72d7c12d3,Mascara,20.0,10
b600deb3-791c-474f-8c78-c9b355299d9c,211e4b8e-128a-430b-a2d3-0cf72d7c12d3,Body Wash,11.0,10
219b0f13-e2db-413f-9b85-4751e10d5bea,132bd839-14c1-4764-a20c-cc9216eee7e6,Styling Gel,21.5,20
14d0a8fd-92c7-4a7d-9d0e-e594f9981c81,132bd839-14c1-4764-a20c-cc9216eee7e6,Foundation,25.0,10
0b697055-7a97-4ea1-89ed-f32ffd6dc686,f701307c-c65e-43e8-9d95-4ad634e5581f,Shampoo,19.5,20
21260f99-d7cc-4248-8d5f-eb92aab93b58,f701307c-c65e-43e8-9d95-4ad634e5581f,Foundation,25.0,10
8ca9ab1c-7b1e-4809-aa9c-75bece9d372f,b92fa3fc-ffc1-47f1-91b4-a26121fdb692,Hand Gel,17.0,15
1e528c4b-1e3b-45ff-92a2-20ab68e8d5e6,b92fa3fc-ffc1-47f1-91b4-a26121fdb692,Body Lotion,40.0,40
3a7b96a5-c08d-4394-8cd9-46d7a1a9c85a,d43ad8cc-a57f-41bc-a99e-4ca139acbf74,Foundation,25.0,10
6535221a-a8e3-43a9-a311-ff1ff7a0b4a4,d43ad8cc-a57f-41bc-a99e-4ca139acbf74,Foundation,25.0,10
544238b5-523f-40db-994f-e12e897306e1,6214f896-c9a1-49a2-aa47-907c35b85f34,Lip Gloss,32.0,15
5235a1db-2f08-4792-81a2-1d9130bb0c18,6214f896-c9a1-49a2-aa47-907c35b85f34,Shampoo,19.5,20
f83788db-23a3-4816-8d9b-3e9a2470a66d,537fbe5e-9695-405e-bade-eb7fa4464440,Conditioner,10.0,10
3af0cea9-5a75-4813-a648-94f78104d03d,537fbe5e-9695-405e-bade-eb7fa4464440,Hand Gel,17.0,15
cc71740a-96dc-4f00-b47e-a1f28a5d79dd,667ff36d-4d01-4e4a-b451-9a51f43e2876,Body Wash,11.0,10
50af99f7-4437-4110-916f-d7acb747a5c0,667ff36d-4d01-4e4a-b451-9a51f43e2876,Hairspray,12.5,10
a64e4303-6393-4834-9a74-55e89a80a0f0,ec63698f-df31-47e5-8918-e31a1d374bfe,Styling Gel,21.5,20
b51d0970-6310-47c1-b070-bbfdbe507ac1,ec63698f-df31-47e5-8918-e31a1d374bfe,Hairspray,12.5,10
10d349a2-8fc3-47e3-8650-ebebd2d37f12,c3df8753-ec58-4f95-9955-bee2461fee2d,Body Wash,11.0,10
398f854d-7d67-4e30-9e11-267b87bf8eaa,c3df8753-ec58-4f95-9955-bee2461fee2d,Foundation,25.0,10
ce6a61f3-c4ac-4406-9c0e-19e2353dc077,ab556557-832e-42b1-b2a4-e437e612c804,Hairspray,12.5,10
743d8055-9384-4638-a9d0-09e2b436aa0b,ab556557-832e-42b1-b2a4-e437e612c804,Body Lotion,40.0,40
a900f8e5-9001-4008-94e4-e75b97c55fa4,eea9f177-b400-443d-80d9-6617e495b1f8,Lip Gloss,32.0,15
e99b6434-1154-484d-9421-ad39f1d895ec,eea9f177-b400-443d-80d9-6617e495b1f8,Lip Gloss,32.0,15
cdb79054-68b5-4d11-a4a6-7d43b5ddff3e,b5e5b581-8b58-4431-ad4c-29464a678b0e,Shampoo,19.5,20
be5ac846-6ce8-4233-9c0f-4ce8914ad4c0,3792ec37-28a0-407c-b269-65ad7c0bb5c5,Hairspray,12.5,10
382fc539-5790-4f8f-bdde-0d5da47c7014,3792ec37-28a0-407c-b269-65ad7c0bb5c5,Mascara,20.0,10
d1539503-e6a3-48bc-9195-7e19d3c7be68,7dd5ddf3-c2b7-4934-882a-016abc3fb37a,Moistureiser,30.0,30
d1b67b89-1318-4159-8f8c-e7f8f10cae20,7dd5ddf3-c2b7-4934-882a-016abc3fb37a,Shampoo,19.5,20
34151a4f-4670-423a-be16-8805ffe3bae5,3e242e33-2bc2-45c8-9153-80f778d7932b,Mascara,20.0,10
52f3ef6a-05af-4d72-8e2e-3edb78c12c16,3e242e33-2bc2-45c8-9153-80f778d7932b,Mascara,20.0,10
a6367dd9-8921-4f87-99f5-0cf75c52b99f,41bfebf5-8693-4541-a1d1-a8db64f22f02,Foundation,25.0,10
9566f56b-c8b3-4c33-87e6-30b0cbcd669a,0908e3f5-2b99-4a56-b589-0cbbb7750160,Foundation,25.0,10
6bc54b54-ff04-4159-a6b0-f612536be8e2,0908e3f5-2b99-4a56-b589-0cbbb7750160,Body Wash,11.0,10
6a9c5cbb-70d6-4558-8ad3-1e3080a51080,ba2055a4-d3e9-4e97-8254-0fd47568f79d,Hand Gel,17.0,15
4229ba25-f34c-4123-bb21-409c247c7fa1,914d44aa-a1fc-41b6-94cb-680d2ecf23a5,Hairspray,12.5,10
ca7597b5-2f9b-4b5b-9396-b2e8c9549e92,914d44aa-a1fc-41b6-94cb-680d2ecf23a5,Shampoo,19.5,20
de472818-3126-4bad-a77b-43cf59cd6b84,631426dc-5679-4d29-87ee-c8bc3168d6c3,Anti Ageing Cream,15.0,15
3648bbca-9fe4-45a2-851c-51ce851865a8,2a3dce95-5516-4725-8f9f-dc439a7664aa,Body Lotion,40.0,40
c6a6e013-040e-4299-95a5-1259ab5ef3e2,2a3dce95-5516-4725-8f9f-dc439a7664aa,Lip Gloss,32.0,15
882215f3-a82e-4851-978b-e7fa3d5b5397,41e391f7-28b0-4f39-9ecf-2730e1db2f8d,Hand Gel,17.0,15
e1b375ac-28fd-40b3-9857-fa3e8c489e8c,41e391f7-28b0-4f39-9ecf-2730e1db2f8d,Anti Ageing Cream,15.0,15
8cc0c54c-11d1-421b-94ba-4abf5d634e23,68133587-ece7-4491-9764-c46a616db09e,Body Wash,11.0,10
7bfab3cb-b8ab-44f2-a826-61ea532fb83a,68133587-ece7-4491-9764-c46a616db09e,Conditioner,10.0,10
eab2f52c-a67e-4de6-b4d2-a274f443a6e8,541ed368-131f-4a44-97a6-b7dc628ac601,Lip Gloss,32.0,15
f5ef3b5b-1a92-4ba3-a688-5322a9b192c5,4fc8cf8e-2462-4c21-bcf2-abee68b7fc88,Hairspray,12.5,10
3297c9d9-0228-4abf-8388-bd23c5987780,9a0f7ff8-b9ce-4683-a003-f43c23e6ac61,Hand Gel,17.0,15
5e274eee-98ae-4ceb-bc47-0dddbdeff854,4c859c1f-712c-4010-9f28-4c1d5c62906e,Body Lotion,40.0,40
05d059e8-d2d3-45e9-b16b-eb25776a0a1d,e3f6cfd4-b70b-47fb-86f3-5280dfc8abfe,Hand Gel,17.0,15
654a0c2b-a144-48cb-a33a-413e14acff71,e3f6cfd4-b70b-47fb-86f3-5280dfc8abfe,Styling Gel,21.5,20
7991ac28-57dc-41ce-84fe-5786ec71d783,e2ec2446-6769-4d62-a3b9-d500ea90d8c1,Hand Gel,17.0,15
7480c1b3-b6bd-4d44-8525-97fd3d178bc5,e2ec2446-6769-4d62-a3b9-d500ea90d8c1,Body Wash,11.0,10
9092871c-4d24-434f-99db-da0ab949ba1d,fb04de1d-d5b9-429f-8d2a-70392e16e29c,Hairspray,12.5,10
7132f200-87d4-45b6-9801-50af45648390,076c845b-7424-41e4-bd03-bce874e57c45,Hand Gel,17.0,15
f453afa1-9c38-4f72-a21e-39275b8ec3b4,076c845b-7424-41e4-bd03-bce874e57c45,Hairspray,12.5,10
8d77471f-7204-421a-93c8-61efe587f747,6c5b4a26-1cd6-4cbd-83f7-0128884a86e5,Body Wash,11.0,10
db0091aa-1ef5-4fde-b18f-5628e680d934,51cc1514-b417-4f76-913d-d4381907d973,Mascara,20.0,10
b4f4ae8f-e1cb-42d5-b291-2b457a94723d,897d70d9-9b9b-4d4f-9c9e-1f61e2181523,Styling Gel,21.5,20
e6ee6246-9f41-4957-aae7-43cb6dd9ff4b,897d70d9-9b9b-4d4f-9c9e-1f61e2181523,Styling Gel,21.5,20
72039384-34c2-45ad-b1d8-233094123dcf,5f6065b1-1d35-4091-8fdf-6eef2ebff131,Body Wash,11.0,10
1f22db44-750f-4552-8ebc-cb91460153ad,2d5d95e2-64a4-4b8d-9ded-74bd78c6959f,Foundation,25.0,10
7b0418c4-4b24-4025-9505-89b66337f35b,1d971c15-9ddd-4b38-9740-b800479d9223,Cleanser,20.0,20
364f098b-c2e0-4375-b245-a8267800f5d9,1d971c15-9ddd-4b38-9740-b800479d9223,Lip Gloss,32.0,15
0f7a13ca-ce48-4f72-8089-5f18d24fec6e,c09c2011-f62e-4fea-9559-ae8b2b3f48f2,Moistureiser,30.0,30
abcdb6c2-d4ad-4ee9-8195-8a27d7d00939,c09c2011-f62e-4fea-9559-ae8b2b3f48f2,Hand Gel,17.0,15
55867807-b413-4802-9288-d816d05eee77,2a531024-5e83-4f64-8122-886faa831d46,Body Wash,11.0,10
dc817c32-b13b-478c-990e-3dbfaaaa6421,9e5245c6-8d54-4b97-9997-93c7ac1b8b83,Body Lotion,40.0,40
513f1444-6116-48d2-b86f-1adbb2e51567,9e5245c6-8d54-4b97-9997-93c7ac1b8b83,Body Lotion,40.0,40
66f559f5-89ea-49a2-b83b-cf482a02e699,69c991dc-2a63-45f6-9834-c1a833b551e4,Shampoo,19.5,20
cfc38464-b9a5-44b6-9cf2-6ca8d0fa26a3,69c991dc-2a63-45f6-9834-c1a833b551e4,Moistureiser,30.0,30
c43a8359-bb80-4248-a371-0cade40f1f2f,89ae9633-38ba-484d-8952-7fd95ef7c071,Body Wash,11.0,10
9355542f-090c-446a-b6f3-9adb711db667,77cb0dba-69ca-4838-be2d-dcc92d1cfc43,Hand Gel,17.0,15
30550930-d69f-40e4-af80-c934e1d8f2c6,58d87032-7516-4be7-9973-bc00dd5af863,Shampoo,19.5,20
39e46998-e70b-4e2a-a4af-e8d8d96162e1,9176251e-2a01-4ee8-8f39-bb9303445a52,Body Wash,11.0,10
5e090618-9fae-48a4-b471-fd278bbf23e7,380b5bc1-6c97-4f55-b7b1-8e725ac0b7d9,Body Wash,11.0,10
49b8d64a-ad54-4578-94e3-1c340c5ba580,380b5bc1-6c97-4f55-b7b1-8e725ac0b7d9,Hand Gel,17.0,15
abad7063-d9c8-4945-bb34-7acefe9b92e1,02869a92-e698-4e60-9026-608c87a6b6b4,Body Wash,11.0,10
e03f1ca7-0b12-4db0-b243-d9761a620d11,02869a92-e698-4e60-9026-608c87a6b6b4,Styling Gel,21.5,20
39faad39-2256-4a6c-b3bb-840bac143540,343b1028-6757-4d2d-9268-c8e6c3ef69a1,Mascara,20.0,10
54491cca-5dc5-4c11-bbaa-ce0d11895103,343b1028-6757-4d2d-9268-c8e6c3ef69a1,Mascara,20.0,10
ead27b29-da02-44f2-a9dc-ecd151eda625,7e2db5f4-60bc-4549-ac8a-d9b6dcc3072d,Hand Gel,17.0,15
7488e4ca-9457-473a-9223-124637c95a2a,7e2db5f4-60bc-4549-ac8a-d9b6dcc3072d,Body Lotion,40.0,40
7f967fb6-e75e-472c-8113-a46fc2b9b7fc,f41caa74-c91b-4c2b-a07c-ce4907168900,Body Wash,11.0,10
ebe5acba-320e-4c34-98d9-ee903bbd084a,f41caa74-c91b-4c2b-a07c-ce4907168900,Mascara,20.0,10
8468858d-e677-4d06-9fbd-57736e1969f8,3aaa7cf8-0691-4257-8e93-173216343162,Body Wash,11.0,10
6a6a5b6d-5c2a-42eb-a5cc-3164ac5877d7,bf364185-ee76-48c4-90dc-6700a4071ad1,Lip Gloss,32.0,15
1b1d34d5-73a0-41bb-a51a-6f16a70676cf,8926773c-ea35-4314-880f-682ff8501cf9,Styling Gel,21.5,20
e387f146-c662-4ede-87f2-e637b741b7b6,7f239165-37f4-49c7-b8b4-d19d506b6448,Conditioner,10.0,10
ab28066d-b395-4c29-821c-c34ce07581a3,7f239165-37f4-49c7-b8b4-d19d506b6448,Cleanser,20.0,20
07eaaa4a-d432-410d-ae09-b5be66c126ad,00906efb-7350-49cc-b13e-a760c9917c50,Body Lotion,40.0,40
9b9a0db1-b9a1-4e31-a0e3-1e2dbe15c5ec,6627cf93-f163-44fb-8657-427332330a64,Styling Gel,21.5,20
b5d374fe-707a-44ab-b1f0-8eb36f3385b4,46ca1890-d757-4067-8509-39db48ebbd91,Foundation,25.0,10
fa0f1a23-a896-4d3c-b82c-8f408c31e0a4,c2329081-f452-42c5-8f58-bd5630d5eb35,Conditioner,10.0,10
ecd4a9a4-36b3-4c98-a171-25b8370ca8c4,1af20c4e-e372-4285-a08d-09b037f775f4,Body Wash,11.0,10
e162c835-64c1-4f29-9f12-efaa1fd8da33,02c3a674-de17-4fb8-b3ad-732a6af4b04c,Styling Gel,21.5,20
46452d17-2ec8-4c0b-9a10-f1bc1ca62209,02c3a674-de17-4fb8-b3ad-732a6af4b04c,Hand Gel,17.0,15
660201cc-0f33-4f5b-9fbb-82cf925c1795,f9acfc07-2c45-4ed4-9203-5eb81790fd65,Body Lotion,40.0,40
c2e177b4-dad8-476e-a012-5a7f22a329b0,f9acfc07-2c45-4ed4-9203-5eb81790fd65,Hand Gel,17.0,15
e008868e-c82e-4fd6-80b2-e3d07ae8dbd2,bf676cf1-9437-4747-bb9f-690783939fb1,Anti Ageing Cream,15.0,15
39207e73-7a25-4760-afc4-554ad4fed568,bf676cf1-9437-4747-bb9f-690783939fb1,Lip Gloss,32.0,15
ccaca813-64a6-4bec-9db7-3400e52f9a81,e6907e93-5104-429f-8191-982c5ccad295,Moistureiser,30.0,30
550f5858-c413-403f-8286-74e78fff41cd,e6907e93-5104-429f-8191-982c5ccad295,Styling Gel,21.5,20
bf1a62ff-a5bf-424b-a9bd-e87342d86448,8c3d4f68-fca2-4cc8-90a5-8b867bda944f,Cleanser,20.0,20
3a8fa4e4-9b84-492f-b70c-c7ffdb27dc1e,0d096c4a-c72b-4f10-8ff7-adff0f470e90,Anti Ageing Cream,15.0,15
36d2a637-eb12-4ef6-8ff6-7f0c5c2cd1a6,0d096c4a-c72b-4f10-8ff7-adff0f470e90,Anti Ageing Cream,15.0,15
9a248233-5936-4f76-8f87-c0f59c5a762e,df8d4cdf-576e-41f1-ace2-b27cc3283cb4,Anti Ageing Cream,15.0,15
21035cb5-6215-429a-87de-9e92e8b3d9fd,8037088e-a9ad-4a71-95b4-d0ce3e088c15,Anti Ageing Cream,15.0,15
4ef2da5f-47e2-4b81-8d4c-42461943cdbe,8037088e-a9ad-4a71-95b4-d0ce3e088c15,Foundation,25.0,10
8ca812e7-4997-41df-9c38-eae49e7dd330,8004ac64-f428-4561-82e8-436bcb918bf2,Anti Ageing Cream,15.0,15
61697594-9d23-4256-bdaa-8befe3a7e0ba,997c12f1-ba1b-4f7c-aaca-d08a1c90f41c,Hand Gel,17.0,15
187def47-f9cb-41a3-9041-e2c7d2130e6e,67ce894a-9625-4ab7-8b91-17d83fb3fd10,Body Wash,11.0,10
9267203b-b66f-4188-bc66-0472451b88bb,67ebe503-3fde-4d91-aba3-45900687dd7c,Body Lotion,40.0,40
e0035beb-9123-4679-b09a-f24151efa86e,487a95ac-07fe-4d38-bfaa-5529da098fd5,Mascara,20.0,10
852aa7ae-6e7a-40f6-aed0-05f37ad26148,a97e7b0a-66df-4e70-991b-52e4e4cb9958,Styling Gel,21.5,20
7859993b-228b-4672-8e72-b22844545ed0,a97e7b0a-66df-4e70-991b-52e4e4cb9958,Conditioner,10.0,10
7444cee4-ce1f-4bd9-b159-c04f100f34a2,e6c919e2-e6cc-4e38-b589-272fb87ebf02,Conditioner,10.0,10
48d751b7-b5c1-4bf4-b469-9f51fda75073,e6c919e2-e6cc-4e38-b589-272fb87ebf02,Cleanser,20.0,20
8c8567bc-e9a8-43bd-88d4-75bcce0775de,083f5979-0874-4f45-861f-65e87f86c426,Body Lotion,40.0,40
63b03bac-2ae0-4c54-bb9e-1559b1aea653,ec008f31-0419-449c-94ae-0da10ef62179,Foundation,25.0,10
815a2b60-8048-4729-9610-1b4ecd4008c4,ec008f31-0419-449c-94ae-0da10ef62179,Hairspray,12.5,10
93fe329d-8ad8-4ab5-b500-48c77fabe00f,5ad474bc-ee1b-48c3-9fae-15efc8f0e760,Lip Gloss,32.0,15
690f7987-0793-47d5-b37d-3c833267bb9b,5ad474bc-ee1b-48c3-9fae-15efc8f0e760,Body Wash,11.0,10
a32c3d53-1328-411b-8f9b-1cfaed153aa4,8509d66c-67d9-44f7-b3b7-5b1e49df2b42,Foundation,25.0,10
9ffb8417-3191-4ca6-911f-c576e70b8251,8509d66c-67d9-44f7-b3b7-5b1e49df2b42,Moistureiser,30.0,30
81efbc6a-3f13-4818-8d08-2e781db0d72e,22837ff7-3039-4275-ae30-7e1a80f8e838,Body Lotion,40.0,40
23c9b0d7-eaee-4811-aa87-b5500ede2bb9,22837ff7-3039-4275-ae30-7e1a80f8e838,Anti Ageing Cream,15.0,15
db7b6ca1-7ad0-41d1-9ca3-685b7a606dbd,12961e6c-2b83-4384-8a21-5b875670e30e,Mascara,20.0,10
e84ad662-d0fc-4472-af0d-665bf48ff092,12961e6c-2b83-4384-8a21-5b875670e30e,Conditioner,10.0,10
2b1548dc-ea39-4981-9a45-340aa17e7d5c,301bc5dd-130c-459b-8300-caad00b99357,Hairspray,12.5,10
4088e6f7-5939-4e8e-9e29-5e17663f4fc9,301bc5dd-130c-459b-8300-caad00b99357,Styling Gel,21.5,20
845b957b-695e-4f3f-89ef-8315940fe9d4,eca8a440-d42b-4bac-9151-9f1b72b2e5fd,Moistureiser,30.0,30
6d0a3278-a366-4e04-84b6-bffd0d8b2f90,03ec2fa4-ea5a-47eb-a2cc-c91a146e7729,Foundation,25.0,10
b2e65456-c4bc-4355-9494-9ad055e492e2,37a59817-4668-4d96-af73-4085bb93bdd9,Lip Gloss,32.0,15
75b66629-7d62-4c6a-8f9f-455ea66ecc6c,37a59817-4668-4d96-af73-4085bb93bdd9,Shampoo,19.5,20
d58cee2c-fa40-45af-ac9f-69921593bbb1,6f7bb5b3-bfa0-4164-8f70-10c3690ce1e6,Lip Gloss,32.0,15
03490e4c-aa82-455b-ba42-0e1a86d83c59,6f7bb5b3-bfa0-4164-8f70-10c3690ce1e6,Mascara,20.0,10
20746784-1cf2-448c-bf7c-2c391345ee1b,b5ba9288-2bc4-4fb0-a792-6b76ac1ebea0,Foundation,25.0,10
5d629c21-2688-4226-9260-ded5a9933803,5cb00325-7eb1-4cb4-a22d-2174b9982719,Conditioner,10.0,10
3688cb57-e85e-482a-ac1b-ffc3ba1cdc09,5cb00325-7eb1-4cb4-a22d-2174b9982719,Body Wash,11.0,10
e76f462d-5941-4683-aebe-3dca67f20e7c,e730abe9-a014-4381-a78b-db47ccf4cfb5,Hand Gel,17.0,15
64187e74-fc3c-49fb-a26a-d5c39d1e94c0,d7b69f81-163b-4cf1-bfac-c51c6074fead,Foundation,25.0,10
580f59aa-954f-4dce-aa6a-62ce042fe6b1,5f187767-8b2d-4e17-9dab-08b2b5e99b9e,Lip Gloss,32.0,15
e1e9ad8d-4dbe-4082-916c-6886bd78644d,5f187767-8b2d-4e17-9dab-08b2b5e99b9e,Lip Gloss,32.0,15
20669e7f-7308-4858-bdd1-a64dd338b186,a659bdd1-cd79-473a-aff4-a20c5760748d,Styling Gel,21.5,20
084d10db-7a6f-49b6-ade9-cd0ec65739c6,4ba989c0-1b9c-439b-a333-d1fa377dd4d9,Conditioner,10.0,10
14c79cce-fb36-4df7-ba92-edb6a9edbb68,4ba989c0-1b9c-439b-a333-d1fa377dd4d9,Hand Gel,17.0,15
7c66668e-917d-4d43-a690-e1b18af3a0d4,2a9c4af3-f0cd-44a4-92a9-9880db07cea8,Hairspray,12.5,10
315b9d2c-1af2-408b-8ac4-81197c939c14,2a9c4af3-f0cd-44a4-92a9-9880db07cea8,Lip Gloss,32.0,15
8c07a761-f020-4635-a82f-fbc588246faf,fb07e619-0deb-4773-af7f-944f5c7df3ba,Lip Gloss,32.0,15
84f69e49-9e7e-474f-8048-12b408ddcf38,fa7b2756-edfc-4d4d-b1cd-4a738650aba3,Shampoo,19.5,20
69cfc673-bc55-45d1-a916-490c5c5b71a2,fa7b2756-edfc-4d4d-b1cd-4a738650aba3,Conditioner,10.0,10
026b2740-b39e-426e-a146-f0883efc1b97,f93d9d0f-03a3-41b1-88d8-9e06fbedcba9,Anti Ageing Cream,15.0,15
7ceb231c-6ac0-46cd-b40e-434b6cc58ddc,455a7699-39b6-48d1-9059-0fe0fbb36cea,Hairspray,12.5,10
371f8018-3c72-4626-bc32-a30a8a9ac561,5a3c503b-7409-462d-ae3d-7741f5927f3b,Hand Gel,17.0,15
4e7efec8-c0e1-44c1-8ff2-670da9559ff5,aa7c9963-fb0a-4161-b659-9ae2b8de4162,Hand Gel,17.0,15
6f5bef75-ec93-40de-a7d4-138ef7f00952,aa7c9963-fb0a-4161-b659-9ae2b8de4162,Styling Gel,21.5,20
63fda55c-5e9d-46b6-864e-c55ddd7e841c,70338f3d-11bf-4c6b-8638-bf4319625eb9,Conditioner,10.0,10
a6eae565-4c07-4a2d-8871-0ee57156e8ae,70338f3d-11bf-4c6b-8638-bf4319625eb9,Styling Gel,21.5,20
0be16991-cff0-456e-aca9-4086af385f27,5efa5a5d-d609-44bf-9190-a05c58b17196,Body Wash,11.0,10
2a3613ee-180c-42ea-88ea-3d5125cc67cb,b982c985-19ff-42cb-aa8a-1c946efa305d,Body Wash,11.0,10
cb0d9f81-47bd-4b7b-bd02-ef2274510a70,b982c985-19ff-42cb-aa8a-1c946efa305d,Mascara,20.0,10
b22d31f9-0ce5-460a-813e-f078a0df64d0,785d81ca-46f0-44e7-9e81-1c623739fbc9,Mascara,20.0,10
64f28840-e177-48da-9fd0-14e4b015a7b5,7c021e9e-cc60-435e-9ea7-84b806155bea,Shampoo,19.5,20
686e37ec-860f-4fa7-8af9-092facab6500,7c021e9e-cc60-435e-9ea7-84b806155bea,Shampoo,19.5,20
44d16e29-8d0d-4965-bf1a-75b18e84bd53,46cab920-4d68-4bf5-8435-7592f1cf0bfc,Styling Gel,21.5,20
419e26b7-9ba3-43a3-ae1e-018f7e46d934,5654e763-0081-4fa5-9d79-329e9fcd9057,Hand Gel,17.0,15
57766e1a-395e-4f16-9489-b0c171d81b41,9a96c4ab-0b4a-4cb5-90cd-6e169839f562,Mascara,20.0,10
87934ba1-45e7-4d9f-bb2d-86fa28db8441,5b4ce60c-749c-4a4b-ad38-97c2a291a57d,Foundation,25.0,10
a3cfa4c5-3f7f-4d7a-895f-1b6f8cce9f59,b5a7d7d3-5f21-4025-a010-3a434ec62829,Mascara,20.0,10
fc796354-1cfa-4126-af8b-a909b7d3d444,b5a7d7d3-5f21-4025-a010-3a434ec62829,Mascara,20.0,10
20fe6626-71d5-4497-a231-1f16c1d5ee96,41bb8410-2d0c-478c-8269-28e256aeb2ac,Foundation,25.0,10
a92c901c-f4a3-4aae-8ba2-fe423a7a468c,593d29f7-68ed-4e6a-bdcf-8aed20c29924,Foundation,25.0,10
d776a7d3-28d7-465c-89a1-7c0b884ae0f0,593d29f7-68ed-4e6a-bdcf-8aed20c29924,Styling Gel,21.5,20
c1b6718a-ad88-4541-bd61-e3bd8a08808d,916ba8b5-6234-4b0f-b979-f4b95669e016,Foundation,25.0,10
3b816196-20f0-4e25-a59d-8eb513bc753e,916ba8b5-6234-4b0f-b979-f4b95669e016,Styling Gel,21.5,20
2238428e-9a48-4c54-8c8c-4ccf1bff269d,990f46cf-f66f-487e-83d5-4cc5806bfecb,Lip Gloss,32.0,15
cee06247-244f-4e89-a762-5b007df2fb56,4c9d5a0d-e243-4868-aea6-603017551285,Shampoo,19.5,20
296fbce0-55ec-4fd6-8211-1cd2a17cc8ce,07a461f9-d425-4bd1-ab71-f64996d95582,Anti Ageing Cream,15.0,15
4725ce84-c067-4414-bb45-723f47d12cf8,9bb74dc0-383f-4e53-9e88-970d8b856dce,Body Wash,11.0,10
50f63a0b-4d6a-4a60-836c-d54acac5eb32,9bb74dc0-383f-4e53-9e88-970d8b856dce,Anti Ageing Cream,15.0,15
0ebb55a0-e1d3-40a8-a7ae-8f9e6c031b28,d0f8e7b7-3e6c-4edb-a78d-591fda5bbb67,Moistureiser,30.0,30
377bdc5f-fa6f-46d8-9ac2-e6a0a0db97eb,b6570738-5db8-4ccd-9428-c508778c0236,Body Lotion,40.0,40
7f3d3dfd-31a7-4b7b-82e7-9d670bcaef15,7737945f-4a59-4695-b3c5-0093985fdd39,Moistureiser,30.0,30
8a2bfd15-1ad9-4623-82f0-587f33739bb1,7737945f-4a59-4695-b3c5-0093985fdd39,Anti Ageing Cream,15.0,15
ac53534c-a88b-46a3-84bd-d437bdfffc40,a5e0a200-6284-4919-8a7b-96b8ab03df03,Body Lotion,40.0,40
16b8f041-3d7e-4c0d-a610-6cc3089b4ddf,a5e0a200-6284-4919-8a7b-96b8ab03df03,Hand Gel,17.0,15
07545871-5424-4906-a1b6-570cee517bfb,6672ddda-6423-4b9b-abe7-18a699d49716,Shampoo,19.5,20
5c5afbca-3322-4252-95c2-cd5e3542aa72,031be410-0bd5-4b2b-bcd6-ae34e4856b9c,Foundation,25.0,10
18887f4e-c46e-4f89-9570-9a618944f210,031be410-0bd5-4b2b-bcd6-ae34e4856b9c,Mascara,20.0,10
8ff2514f-153d-43d3-ab90-1e74d208c038,2e97d50b-b46a-4c29-b793-1640814f89ef,Shampoo,19.5,20
8d4fa46c-5081-468f-9174-aff67ee0724e,093b4962-e574-4c0f-a30d-655147352970,Hairspray,12.5,10
33026633-9f60-4602-b067-ad25c149e4da,093b4962-e574-4c0f-a30d-655147352970,Foundation,25.0,10
f386dafe-fee4-43fc-bf49-81b7e2150e8e,642906e5-454a-4b05-87cd-6a72b1c92d98,Cleanser,20.0,20
77fc1f4d-b97b-4c6e-8c47-4436c7c7383e,2ecb9a77-ba06-4443-9d73-338e1171ac2e,Mascara,20.0,10
7838c69f-8b92-4be4-b23d-238871968872,2ecb9a77-ba06-4443-9d73-338e1171ac2e,Lip Gloss,32.0,15
a3f8f0c9-e4cf-49c2-8927-9155f5caf514,24f00018-69b1-4a51-9c8b-6e6f1d1b8425,Lip Gloss,32.0,15
05c6b488-f2c9-4359-b20d-9dd2ac18fd60,24f00018-69b1-4a51-9c8b-6e6f1d1b8425,Foundation,25.0,10
10d350bd-35af-43be-af51-163761bfc4ca,15590531-e2df-493b-b6ab-7dcf47b1184f,Hairspray,12.5,10
5bd69b44-762c-43fb-9bb0-a2d6ca45433a,9e792f47-1719-455d-ac7f-5576fd2ba45f,Conditioner,10.0,10
6b620563-e50f-4232-855a-bc97764da87d,9e792f47-1719-455d-ac7f-5576fd2ba45f,Body Lotion,40.0,40
ebd229d2-78d9-4f44-a77e-370b54f00bfd,78cb23ab-79d3-4ca2-9f3f-53d956a134fb,Foundation,25.0,10
7be22b03-7984-4427-8eaf-841add27d8e8,78cb23ab-79d3-4ca2-9f3f-53d956a134fb,Foundation,25.0,10
b4c88ed1-333c-4450-8eff-f300bcc1ce34,2e5a528f-29cb-436a-8a12-fcf8e5a646e8,Conditioner,10.0,10
a26f513d-c698-41c3-b363-eeb8cd16e841,2e5a528f-29cb-436a-8a12-fcf8e5a646e8,Foundation,25.0,10
4efdda2e-2db8-42bf-867e-631484afa685,940e1949-b2b5-4296-998a-32dfc719eeef,Conditioner,10.0,10
c05ae437-ff35-4dde-a01c-129ad28563e1,940e1949-b2b5-4296-998a-32dfc719eeef,Body Wash,11.0,10
345b7277-849d-45b9-acd3-dc24f6f1a7d4,aae09934-cce7-42ae-a1ee-c258e07d9844,Styling Gel,21.5,20
e5a68d2f-c813-464d-b280-346edca99efd,a91db5e7-7048-4f5c-83f6-3ce6d21a29af,Anti Ageing Cream,15.0,15
0373352a-3ea4-48e7-abf1-b0659d7dd495,a91db5e7-7048-4f5c-83f6-3ce6d21a29af,Lip Gloss,32.0,15
ce306e09-7875-49ce-996c-01c4aba7597a,8c1f95b6-eef7-43ba-ac97-d6c688163307,Conditioner,10.0,10
cf760c64-9848-45d0-8940-d6a25694e633,8c1f95b6-eef7-43ba-ac97-d6c688163307,Body Lotion,40.0,40
924f14ed-3876-4243-8f32-cce444d184a5,0813a68d-39a9-4d60-af5b-2bbb75cac1ad,Moistureiser,30.0,30
8e0c8c96-9a35-4448-9246-e079ed7217ab,a0c2b072-9925-4440-ade5-2989c982cb97,Mascara,20.0,10
e03005f2-bf56-4985-83ba-0319e28aa277,a0c2b072-9925-4440-ade5-2989c982cb97,Body Lotion,40.0,40
af3d2e0d-24df-4416-a41b-519990660d3d,38584cad-fbd0-414a-bcbc-883b2f90fb85,Body Lotion,40.0,40
d0699c62-22d7-4ce7-9874-ee647ee3f673,38584cad-fbd0-414a-bcbc-883b2f90fb85,Body Lotion,40.0,40
499b7d41-ad9a-437a-88bc-c5048e38fcab,112945b9-5e22-429b-afef-ce8fc8154849,Shampoo,19.5,20
dac26631-788c-45e0-a73d-c8d6289bb785,c1f1f814-db47-451a-860d-70a31bab1791,Moistureiser,30.0,30
5b63f571-8823-4cd2-a955-a50aa32a4878,18401f80-3a11-4d8c-af8a-e48c6acb1dda,Lip Gloss,32.0,15
c3b48d47-ad8a-411c-8a40-db83795d8a7e,18401f80-3a11-4d8c-af8a-e48c6acb1dda,Body Lotion,40.0,40
9ba68332-738c-4f6b-b17c-12577574db1f,120789d0-3ec5-4b63-afaa-f75317c03a0d,Body Wash,11.0,10
23008bbb-29ae-49e7-a3a1-12654eb5d042,7ef77df2-73ef-4547-9a5f-d3fae8572d07,Shampoo,19.5,20
bb1cae6a-d5cb-4ff6-baf1-e90b0bd545d6,7ef77df2-73ef-4547-9a5f-d3fae8572d07,Lip Gloss,32.0,15
d376c189-aef9-4194-bca6-c96e64e335ef,1750c7c4-21d4-40ba-8b7e-643462459889,Cleanser,20.0,20
5cbabcd9-3fba-444e-ad4a-cf89d0c2771b,015af61f-a4e1-4f3d-bd22-13e5bd8e7889,Mascara,20.0,10
25fce175-55d2-487b-b693-7957223399e6,70004012-f9d4-41b5-b87e-fb44c78aed1a,Hairspray,12.5,10
0b962642-afb4-4f55-8b8a-ce03e3f58d6e,81d17e64-b797-431d-a81c-88da3956d05f,Anti Ageing Cream,15.0,15
59fbd09b-b7ef-424e-ba78-1d3bda866ed3,81d17e64-b797-431d-a81c-88da3956d05f,Body Lotion,40.0,40
972e815a-6fb1-43d5-b133-d731210d6cb8,1f6d5693-c5e9-40fd-961d-978ec7f90240,Styling Gel,21.5,20
65080650-2242-42ab-9e15-8949a8100100,d0ab767a-f0ae-4e23-9301-ad6874945e46,Lip Gloss,32.0,15
816d2ace-38b8-4b4a-b392-67d3349f4b5f,71f5eae7-ed26-4eed-8af4-ab144f5bb731,Body Lotion,40.0,40
e93fbbae-c411-40b8-9df9-887bc664b143,71f5eae7-ed26-4eed-8af4-ab144f5bb731,Hairspray,12.5,10
9e5abc71-1fdf-4b23-8ef7-f9b33d57d7bc,372b02f8-8b2a-4da4-976c-ce6cf342e781,Foundation,25.0,10
37b7da55-41e2-477f-aa38-8611538f3930,372b02f8-8b2a-4da4-976c-ce6cf342e781,Anti Ageing Cream,15.0,15
1e8663c4-53ff-4ceb-a70a-8373c68699c7,8055c106-17f6-4e2a-998a-05cc2b9a3625,Conditioner,10.0,10
5d5e1efa-b246-4787-8f2d-485c3232948e,2ded7cad-2d33-4da0-ac52-d145af448d82,Lip Gloss,32.0,15
eb32b358-4802-45b1-8536-37fdd9d34adc,ba3327d4-edc5-422f-923f-ec7395ce0565,Cleanser,20.0,20
37320041-ac65-403f-9e3d-4027ea88b85b,b72ef74f-72d1-4a45-ba81-61368d9e1fa4,Hand Gel,17.0,15
5d176813-760f-4cd0-a965-d4c9335bf258,7b3d10ea-6b76-488f-a8c0-e17a1d0feb3d,Foundation,25.0,10
102cce07-3e76-4ae4-a00a-0783dbb40f1a,1c202302-5ecb-4675-9737-c4e0ce4b996f,Hand Gel,17.0,15
4d3bff5f-6322-4792-bd2d-0e072247f554,25dacc3b-fa8a-4eb5-b612-11e40717c3c8,Moistureiser,30.0,30
c323a3df-0beb-4c66-9434-61e91b5acb29,9018d48c-1097-41a1-a1e1-d5790eb49f72,Mascara,20.0,10
560246ca-7d98-4860-a46b-09f6197dbe40,7e7338c9-d969-4f04-b76c-b56f47c0c00e,Hand Gel,17.0,15
d1e329ee-7193-4055-bd55-c7c8f58a44d2,7c17946d-24f0-4f2c-baf0-3ec0d31f9447,Lip Gloss,32.0,15
568e0354-0857-44c2-962e-7ba2a0f43d89,7947b716-6fc6-4565-b306-4913c3864b8e,Hand Gel,17.0,15
4269c81f-f934-4872-be13-4c73728d04e5,b4feae39-e55a-4ea5-921a-5f80f22d9c6a,Lip Gloss,32.0,15
b370ba0c-6856-4428-8edd-1ccf5588cdc6,aca00748-d67a-4290-9d9a-9e79baccd124,Styling Gel,21.5,20
2e1aa475-48e3-4d49-b137-d7d6902d9fbe,0d32645d-0864-492b-b0db-7a002965c69f,Hand Gel,17.0,15
1422b701-13c0-4786-aaf6-7fdc583e7b0a,0d32645d-0864-492b-b0db-7a002965c69f,Anti Ageing Cream,15.0,15
dcccc21d-1568-4c0b-8b33-dd9bf8f3fffe,db5b44ae-9b86-4a44-bfc4-a080849d8324,Shampoo,19.5,20
94a6ece3-80e6-4b17-8e91-da734cf8b240,438547fd-8b60-426e-bea9-f8d53051e41a,Lip Gloss,32.0,15
7178fc59-f6cd-4de8-87cd-b491333f6ad5,438547fd-8b60-426e-bea9-f8d53051e41a,Lip Gloss,32.0,15
21330e7f-3b53-4854-b554-6eefa2740eeb,6e38f622-1130-44e5-96e9-4dde98b197f2,Body Wash,11.0,10
db1d051a-9b83-40d4-a6c4-310699c82ff9,4a27d354-6608-4dc9-acc5-f9519d04b336,Body Lotion,40.0,40
f8e675c9-2986-4a3e-ad6b-2dd18924ff14,a8e26077-6b9b-4500-94bb-179836343718,Lip Gloss,32.0,15
3fc7ad15-ebca-4f03-84ec-54d776a3bd97,fccb4f4f-3c4c-4169-86cd-63142ae99af5,Styling Gel,21.5,20
ddecc70c-f41c-49cb-bcdb-081da7814049,fccb4f4f-3c4c-4169-86cd-63142ae99af5,Lip Gloss,32.0,15
b0019dd0-aca7-46fe-aa3f-4967e9b21d8e,9fac3132-a09e-4bc1-bcca-df36d50ba724,Cleanser,20.0,20
331d382d-3860-4f7d-9f72-0186579231eb,9fac3132-a09e-4bc1-bcca-df36d50ba724,Conditioner,10.0,10
b3afae36-767f-4dbc-87e9-969354f0ca87,aca75d33-0a40-4460-bc9f-a6df454823fd,Shampoo,19.5,20
15318981-da02-4cb7-a8b4-69865fecdc0b,aca75d33-0a40-4460-bc9f-a6df454823fd,Foundation,25.0,10
ab91e7c2-ca53-4598-82d4-8217f3e95bf8,ff481331-c576-4bc7-8aac-2bd98448419a,Body Wash,11.0,10
d92a03e5-e603-4da1-a450-5900bb929731,5df68a96-8af3-48c9-a34c-99e399106961,Styling Gel,21.5,20
85fa0fb9-52c2-4536-899a-63931cbc7b38,fed7f141-c16b-4eb4-807b-69e194b21926,Styling Gel,21.5,20
c1835c0a-eecb-4ef5-8dc6-941990934b7a,fed7f141-c16b-4eb4-807b-69e194b21926,Body Lotion,40.0,40
c5a1d74b-dc96-49a5-af1e-8718781aa6f3,2cc1eea3-e0da-4942-ae76-682821c8dc4e,Hairspray,12.5,10
ff886789-a255-4d5a-ad8d-a3aa528c7959,60f3135e-b1cb-4837-8a9e-e92c61b279ed,Body Wash,11.0,10
e6c85c69-e8b9-4b70-b808-99976ba00eb7,cc6a6059-ceb9-49a7-a12b-9f264f28f029,Cleanser,20.0,20
dca82162-ca18-48bd-b19a-e2303cbc63d1,cc6a6059-ceb9-49a7-a12b-9f264f28f029,Styling Gel,21.5,20
18e2a6bd-3622-4e78-b0e7-eab577098d6a,1e604045-e229-4fa7-9224-33cc09e76391,Hairspray,12.5,10
6461bdfb-6297-45f6-bdb6-cc8baab8489e,1e604045-e229-4fa7-9224-33cc09e76391,Anti Ageing Cream,15.0,15
53f7da89-3436-4f8f-b4f0-b3a5bd74abdd,f54fa9af-1922-4074-8247-8d5fc5b07fb6,Lip Gloss,32.0,15
c8459ba8-9758-4fb1-9993-bef4cdf752da,f54fa9af-1922-4074-8247-8d5fc5b07fb6,Body Lotion,40.0,40
f1960e4d-12d2-4f66-b839-75ce0fdd9bc2,68c06fc5-1a9c-4fe7-a419-e85b480dd89b,Body Lotion,40.0,40
41de6bdc-18f3-4ac6-9863-8befdf530366,b2b03f4a-c436-4aab-bb9a-e86c6c465ff7,Hairspray,12.5,10
1ca49bbb-7735-418a-ac6c-1ccef542af2d,4b8c5082-111f-426d-94d7-5ec2303ae389,Lip Gloss,32.0,15
63f31497-0865-46d5-935b-409215202446,494abffb-11a6-4529-bb38-cdf29bcd71fb,Hairspray,12.5,10
36cd4de2-b0d3-4d21-8a53-e1457309628c,49c51af3-d703-46af-bfa4-dec9cf1772bd,Mascara,20.0,10
afbcec79-1498-4163-9f71-ba8d330d47d1,49c51af3-d703-46af-bfa4-dec9cf1772bd,Mascara,20.0,10
67a07ece-2b83-4046-8619-42615e452a18,771cef47-e385-4722-a616-60819e866d7c,Hairspray,12.5,10
23242d4c-4b65-4686-b34c-d1c709b58825,af3f367a-c184-45b9-8d1f-747e1a3a0ba9,Mascara,20.0,10
3f5a8d51-0721-4d0e-b826-ebc6ec980749,af3f367a-c184-45b9-8d1f-747e1a3a0ba9,Lip Gloss,32.0,15
2cd108ca-e793-4ab0-a778-6b13de75baa3,48361f7c-4de3-4f19-ba1d-9c7ecae28128,Shampoo,19.5,20
008ef001-239d-4a1e-9588-6dbceadee521,cd63cd3e-ac5b-40c2-9bc6-10bd03073c66,Body Wash,11.0,10
4b977a64-9c08-41bd-b23a-bb9283bd88dd,a6247fa7-d197-4f2c-be94-08c7d9508048,Shampoo,19.5,20
e234999b-d8a4-42c0-85ad-d1aef59a00ac,952142c2-88d9-41b9-8b04-4e087a949f7d,Foundation,25.0,10
d1ff6eba-51e6-4c42-839a-169e037fa5e6,952142c2-88d9-41b9-8b04-4e087a949f7d,Cleanser,20.0,20
9e5840da-b17b-4d1f-b135-77e06007e961,01d4be81-bcc0-47aa-accb-858ba6933617,Body Wash,11.0,10
1fdef5e0-1077-4065-bbea-696c0921af16,01d4be81-bcc0-47aa-accb-858ba6933617,Hairspray,12.5,10
bff039a4-8242-4863-819f-1c9314d4c54d,b1ca55f2-6489-4e6a-a2e8-093ef197e548,Lip Gloss,32.0,15
b9453bf3-30f1-411b-acf5-b29b3de7fe35,b1ca55f2-6489-4e6a-a2e8-093ef197e548,Moistureiser,30.0,30
a35672a4-9a85-4c43-b27c-304e5cc21402,d53345f4-5072-4dc2-b1e8-4309e3b17fdf,Foundation,25.0,10
0ad36c9d-cd7f-4eb6-ab2c-c5e07532dd01,2f31aac9-8225-49a8-926f-bf9d889c3486,Styling Gel,21.5,20
d48266e4-3748-4490-b04e-c14552722834,8228e4ea-e95d-48ff-8282-d1ea2eb80e15,Styling Gel,21.5,20
6788da83-4568-4ab0-a2ed-5f098cb8d005,8228e4ea-e95d-48ff-8282-d1ea2eb80e15,Foundation,25.0,10
6ee6bcc0-f411-46e6-8baa-38aa02516ca7,f462e33f-8da5-49ee-95f7-b515b9d91f8e,Hand Gel,17.0,15
87604d17-f2b9-4ed4-99df-a84286f7070a,f462e33f-8da5-49ee-95f7-b515b9d91f8e,Anti Ageing Cream,15.0,15
a38af2f4-9cbe-47b2-88f1-b0a5ad9c8336,c972d919-6e15-492e-8247-d2e12c5a8ed4,Hairspray,12.5,10
47f9e8b5-3196-47af-8427-c920c5df51fb,5ced343a-d438-4e09-a5da-79b67cd9f35f,Hairspray,12.5,10
a0780275-df55-4ac0-b091-2fa336a8522d,5ced343a-d438-4e09-a5da-79b67cd9f35f,Hairspray,12.5,10
673c2649-1fd5-4a19-8259-4e0826dbe88c,3aecb6cb-4e2f-49d6-a6b9-ce9065eada12,Body Wash,11.0,10
a60f5976-e3cb-4e69-9ada-5ccb866dc48e,92cb689a-faa5-46da-8537-ed955b2dd796,Body Wash,11.0,10
a138b762-0e12-430b-b906-a9501d9e331a,238f55bb-911c-466e-8830-5e66de9c2c82,Shampoo,19.5,20
859b77e2-59c8-442d-bb33-f72ac1ea794e,b28b9d2f-f210-4f39-bd32-9f56e6bb3095,Foundation,25.0,10
b1131f57-6f57-4a3b-8e41-c94ea8167664,b28b9d2f-f210-4f39-bd32-9f56e6bb3095,Body Lotion,40.0,40
791546c4-9ee5-4c5d-9062-bfb6ae2a982a,18e4f32e-5997-494a-9d1b-dfd5984ab02c,Body Lotion,40.0,40
eefbcedd-2a40-4949-a3b3-c7ea97c90afb,b32dfd40-d4a2-427e-bb66-e0eed7bf2e08,Hand Gel,17.0,15
7a7a94f8-84de-4c72-8bfa-5e5e55065082,b32dfd40-d4a2-427e-bb66-e0eed7bf2e08,Conditioner,10.0,10
0ab47cf2-6c81-49a8-a050-8b8245f7aaa8,d1a8b7cb-e636-453d-80cf-5a996bb4cbab,Anti Ageing Cream,15.0,15
30f814f6-e1b8-4d53-8d1a-06a97769ce8e,16edb84e-955d-4e1d-b65e-f45c19a8099c,Lip Gloss,32.0,15
e9d0a57e-6091-4ce4-bc06-3d813db829e5,841f182c-5d85-4fea-b713-4a9672eb1e02,Shampoo,19.5,20
0886a3b1-357b-496b-96ee-e9021cf09be2,a5d90045-3f6e-4b35-b07e-f1eb992640cd,Shampoo,19.5,20
b245c3d6-18a9-4c41-b1b4-6e391f5ea2da,a5d90045-3f6e-4b35-b07e-f1eb992640cd,Conditioner,10.0,10
5799a8d2-9778-4709-b56c-db640a146c57,8481670b-6e69-4e58-8c0f-6572c8c4bf6b,Body Wash,11.0,10
089c5fe8-7c38-46bd-bd64-1a056297b621,842d4899-2487-4b03-9070-bd89a89a355e,Conditioner,10.0,10
bbc011ea-b908-4a6e-8f7f-d6fc0b311f03,0f1ecc47-bbbd-4236-9ebc-f234942b8e9a,Hand Gel,17.0,15
e6d173a4-1ec5-4cd5-b48c-0d2f1c547fe2,7b7d8a13-4f99-4384-9ef6-e6fc08de0b43,Cleanser,20.0,20
d8aeba77-53d4-4514-8312-0a909b60cd17,55d174bc-e19d-4526-9158-f6421a118378,Cleanser,20.0,20
5001e93c-48e2-438d-a795-ccb1a9972a77,55d174bc-e19d-4526-9158-f6421a118378,Body Lotion,40.0,40
b57f31dc-ad21-4d99-966d-db46166db99d,786b262f-cd27-45ca-a470-cd586a1d9e40,Mascara,20.0,10
2601c65e-c7f7-47d0-adb3-510d1c7c5656,03eb0a71-55c1-4065-bc30-6e1305759a3e,Lip Gloss,32.0,15
f4d79886-4f34-4e0e-9879-e0149c2970d5,03eb0a71-55c1-4065-bc30-6e1305759a3e,Anti Ageing Cream,15.0,15
3b7805f9-2d2a-43c1-981c-38cc1c5359b0,26db11a2-3e7a-4663-b1b7-37a4747a82f7,Mascara,20.0,10
217c48e6-ae57-4702-a9cd-296a1f809604,c32d7f53-7a90-4e3f-b229-97d8ae6b553d,Mascara,20.0,10
abb8ce14-b0dd-4a93-a03b-b9845034beac,142c0d3f-d214-445c-bd63-3d58e2797993,Body Wash,11.0,10
c85085ba-53ae-45a6-9e5c-f4fe36ffc697,142c0d3f-d214-445c-bd63-3d58e2797993,Body Wash,11.0,10
beb59c67-e709-4bf4-ab7a-5a5c85f5aede,50766cb6-2290-4e04-bc46-2e373cf2a6fe,Shampoo,19.5,20
8c36d7fe-256f-4a4b-a890-ae0f3b48e57c,50766cb6-2290-4e04-bc46-2e373cf2a6fe,Moistureiser,30.0,30
d5694681-a5d9-4b87-b1b5-b69138a67cef,6294f245-173a-41fd-b110-27d1e520da4f,Shampoo,19.5,20
428f554d-cdf1-4f9e-bc0f-2d98921ba769,6294f245-173a-41fd-b110-27d1e520da4f,Anti Ageing Cream,15.0,15
5e9f00aa-97b3-462a-9ca5-cfeb5afccda3,15ab50d4-25a0-4d93-be17-e6245a691a15,Anti Ageing Cream,15.0,15
f3ffcf72-bee7-412b-8058-5240b9662203,15ab50d4-25a0-4d93-be17-e6245a691a15,Foundation,25.0,10
5be4b803-d097-45e1-8f10-c000ccc8213b,c5b2523b-b191-4fbe-9820-4343c1cab1bb,Hand Gel,17.0,15
af5678f5-0e95-443a-9746-5fe100cfef9f,5732d094-d486-436d-a344-a9e79d8431b9,Styling Gel,21.5,20
2f149461-a25c-408e-9376-2bdad3f52e61,c7f6d865-87e5-4b09-809e-11daf8c48ff6,Cleanser,20.0,20
c5455aba-f4da-4ba1-b0c2-43b3b6fe842c,c7f6d865-87e5-4b09-809e-11daf8c48ff6,Styling Gel,21.5,20
f39ad27a-c597-4c4a-8625-6749dff01703,1094725f-1271-4638-8d9c-d5a9744e8688,Hairspray,12.5,10
9c1e0da6-6878-4a90-9a2a-c9ee09092a0d,1094725f-1271-4638-8d9c-d5a9744e8688,Conditioner,10.0,10
93da2c43-5d0b-43b8-ae2b-870bbd106d8d,440c2293-c882-4fa3-a986-f9b06a3aafee,Shampoo,19.5,20
21031225-8ec6-41a7-a469-5abc5ac39bad,440c2293-c882-4fa3-a986-f9b06a3aafee,Styling Gel,21.5,20
1ab304e5-ce27-4154-b4ba-2b9e15f496d9,c63236bf-e8d5-44cb-8e3b-cb3675f68464,Anti Ageing Cream,15.0,15
4f2223c6-ce84-4588-a94b-2c6ed72c2146,c63236bf-e8d5-44cb-8e3b-cb3675f68464,Foundation,25.0,10
812ba3ba-baa8-4dfa-b017-5fc39f2551e6,1058c017-8cc9-4675-8fe3-b09eb46737e7,Shampoo,19.5,20
6cd77149-06b2-42d4-9bb9-910c913e8e47,f543b646-52b9-4c8e-a80c-4573a83b0068,Foundation,25.0,10
cfbb4175-73bc-45fa-aecd-4c2c825da01b,f543b646-52b9-4c8e-a80c-4573a83b0068,Lip Gloss,32.0,15
8a0cb3bc-54d6-4342-bfcc-72fd5d70461f,778ea773-5c57-43c4-873a-226934b1f0a3,Conditioner,10.0,10
507a1cd5-b89d-4ba9-bc90-0be25e9eadb7,3d5cb862-f0fa-480a-bac0-e482f4aa39d9,Hand Gel,17.0,15
74cf69ee-be13-459f-890c-1c49d5f8b465,3d5cb862-f0fa-480a-bac0-e482f4aa39d9,Anti Ageing Cream,15.0,15
5a6b20bb-9c1b-4469-9e66-37fae9a5393d,cab9074c-3ec9-4dba-8745-82a6196d7bca,Lip Gloss,32.0,15
c6c68b28-281a-4f2f-8611-d5619e9acbe0,cab9074c-3ec9-4dba-8745-82a6196d7bca,Body Lotion,40.0,40
63be50f1-cb6a-4bdb-babb-8c62aa845a07,fcd8e520-7a13-4bb1-a8d5-1f2a6d3bc97e,Moistureiser,30.0,30
feee210f-8083-40f1-a7e4-30bf0cfbc66a,e5372ef8-5db3-403c-b7c5-f1e7fdc7b7d2,Body Wash,11.0,10
6b2c5c6a-9c83-4f84-86c9-5585ae882b1e,e5372ef8-5db3-403c-b7c5-f1e7fdc7b7d2,Lip Gloss,32.0,15
fd198bd4-2129-4368-949d-48fbe0c12a4c,2f2a444c-c5ef-4bbb-a368-12d1b9924f10,Foundation,25.0,10
66648abb-4b4f-45ff-ac99-bbfa423a0f55,2f2a444c-c5ef-4bbb-a368-12d1b9924f10,Hand Gel,17.0,15
054f0e85-fbef-44ab-88ea-6155e863e984,a2a83ff4-1308-4453-91bf-010ad4478f43,Conditioner,10.0,10
5f232348-696a-4ef1-862e-343f6690a275,6239337d-a878-4d04-9a9d-b5ac237705b6,Body Wash,11.0,10
b704a997-1b1b-47ab-9e06-1643a08406b1,6239337d-a878-4d04-9a9d-b5ac237705b6,Hairspray,12.5,10
967d8cf4-0ada-47b2-9e47-d21164da06b1,b99992b1-d84f-4eaf-a32a-d96d63fb1be0,Shampoo,19.5,20
fa1f7f28-dec4-4780-aa78-a42f856f5ce1,b99992b1-d84f-4eaf-a32a-d96d63fb1be0,Lip Gloss,32.0,15
fa61c856-47e7-40a1-8f58-3fd377782823,8a98dc17-9465-492d-a1d3-c97fcc585adc,Styling Gel,21.5,20
78ed4677-d360-4202-9adb-94ee63c0f8a9,87246018-3172-48f4-b956-0728d3724914,Hairspray,12.5,10
8188992b-7b28-4614-bc4e-3c4e9f4ede6f,87246018-3172-48f4-b956-0728d3724914,Mascara,20.0,10
2d035a17-ea38-4574-b8be-e05fb7ca41d2,2f5b55f4-74fb-426f-a7a5-14cb8c0a8d5e,Hairspray,12.5,10
fa8d0047-fd31-410f-9afa-3b49ca65b737,2f5b55f4-74fb-426f-a7a5-14cb8c0a8d5e,Hand Gel,17.0,15
7c622e8b-334e-45e8-83e0-b09b301a6f47,4da34233-d62c-48de-8e17-206a276f2b7b,Moistureiser,30.0,30
761a18be-d1b4-43f2-9c9b-dc7f6037f25e,d2099acd-aa06-4697-8506-e7fbb5a8cacd,Shampoo,19.5,20
4d0dc526-8f07-4b9d-89e8-3368ab740b4d,d2099acd-aa06-4697-8506-e7fbb5a8cacd,Conditioner,10.0,10
eb1dc41f-35ec-4ff8-812e-59e9280261f9,97f95de2-b738-47cd-8846-2b5b24f6faaa,Body Lotion,40.0,40
d0ad7cf2-a072-47f8-849b-7eb12b98f7c2,377005a8-8bee-4ca5-8df6-128322dbd5a5,Hairspray,12.5,10
667f09d7-ffb4-4d18-b5b4-05d24be44725,758b26b6-bb80-437b-834e-c8f1541a66ac,Moistureiser,30.0,30
bae0e6a1-4c78-45dc-a07b-d28f2834c0f1,aa06df10-5b32-4d16-9a5e-1ee0d816caeb,Conditioner,10.0,10
4737e8f4-d2f5-40a7-8585-cd013ea59c90,aa06df10-5b32-4d16-9a5e-1ee0d816caeb,Lip Gloss,32.0,15
7fa82a94-975a-462b-be53-52db08c68670,e921d96a-78d6-40e9-b57a-62d7e0c6fa13,Conditioner,10.0,10
f9d2778e-bdd5-461e-8a8a-ebb63595ccc9,978a1427-f825-4b59-9425-32615d6af284,Hand Gel,17.0,15
c481bd92-6d94-4845-a708-56802336b4eb,978a1427-f825-4b59-9425-32615d6af284,Foundation,25.0,10
18421c74-5f12-49f8-b409-396a45975d0a,636f28b3-97c9-4958-9be3-3d0c17ec228e,Body Wash,11.0,10
4955a938-2b2c-4a8b-a63e-5931a705629b,636f28b3-97c9-4958-9be3-3d0c17ec228e,Foundation,25.0,10
1312c895-48fe-4ab9-b343-0408226aefd0,fd764733-5d28-4bc7-a93a-aa3622300e52,Lip Gloss,32.0,15
5e23a4c0-b06b-46bc-ada2-c968efe0515d,8d510ea5-6d35-48f3-9e5d-2a400bd41fce,Cleanser,20.0,20
a1529e4b-6aa5-4b29-9cde-9757d216a387,63bb9ec5-8799-46f5-9b8c-04bddcb6434b,Hand Gel,17.0,15
1e2cb854-47d0-44cf-9767-e45f3dddc3e1,a670567d-bb09-4eaa-8e15-9ffdb1b50e7b,Body Wash,11.0,10
71947ab6-e3ef-45ba-b60d-83d1810fc3ff,8a6dd2d9-cd8d-4b46-9971-cc7d4fcd0bff,Anti Ageing Cream,15.0,15
f22489cb-36f2-4869-a31b-46eb8fa5692e,8a6dd2d9-cd8d-4b46-9971-cc7d4fcd0bff,Body Wash,11.0,10
