id,appointment_id,name,price,loyalty_points
f1fc7009-0c44-4f89-ac98-5de9ce58095c,7416ebc3-12ce-4000-87fb-82973722ebf4,Full Head Colour,85.0,80
c47d4d1d-30e8-45f8-bfb1-89122fceac2a,e01901d2-bbdc-485f-a3ee-8d4a5e8d77fe,Eyebrow Tint,7.0,10
40f75040-fbad-484d-8c55-32790ee9ade3,e01901d2-bbdc-485f-a3ee-8d4a5e8d77fe,Spray Tan,18.0,20
277a58ca-31ca-4715-a7a2-af9af073a4da,57b23971-74f4-464c-b79b-3326cd01fc15,Eyebrow Tint,7.0,10
7f8f112c-1804-45c1-8166-9f1395c1f299,35d69069-1b3f-4921-b048-65765d8f495f,Manicure,26.0,20
a1a5b909-c2b9-4306-a81e-0f415372d493,35d69069-1b3f-4921-b048-65765d8f495f,Leg Wax,40.0,40
1a2605f1-9579-4935-af1c-e14989f692c5,35d69069-1b3f-4921-b048-65765d8f495f,Eyebrow Tint,7.0,10
4c6b7ed3-910a-43c0-a1b6-27e835907e30,76544614-e172-44fd-a5a2-a0ac172630ca,Scalp Massage,21.0,20
176129be-3ec4-4c86-866f-f463c63ff0f6,49eb6e7f-1844-4922-ae6f-ba546cdd2551,Spray Tan,18.0,20
ba7890fc-b2be-4ad5-af21-d258f4dcef8d,49eb6e7f-1844-4922-ae6f-ba546cdd2551,Skin Peel,60.0,60
f7918019-d906-40de-9324-6de8156c8e52,f62408c5-9d50-4895-9c5c-722199082524,Eyebrow Wax,15.0,15
86405d0c-d475-4d64-a66a-42a8c638fe3d,f62408c5-9d50-4895-9c5c-722199082524,Spray Tan,18.0,20
860e86dc-3804-4923-956b-42478dc08a12,10c242b3-385c-413e-a6e6-2e788291ee91,Skin Peel,60.0,60
eb0c4f16-5f16-4fb9-bee0-0f1af43adc95,10c242b3-385c-413e-a6e6-2e788291ee91,Cut & Style,28.0,30
5d03ffab-3218-49e9-8560-2a54fbbf1950,10c242b3-385c-413e-a6e6-2e788291ee91,Blowdry,20.0,20
016549bf-72a0-4d87-bf88-a7faa8eb01aa,76f2857c-9242-4adc-ba42-e8d391caea9d,Pedicure,46.0,40
6c23e051-c564-489e-b3ba-f6b308d8281b,921597eb-5f20-4eec-9c36-6df0ef21ed67,Pedicure,46.0,40
697c78af-0bc5-4944-aee3-e00a5511e67d,921597eb-5f20-4eec-9c36-6df0ef21ed67,Scalp Massage,21.0,20
02b2d4b3-ee98-49d0-96a3-d2a8b032b9d5,921597eb-5f20-4eec-9c36-6df0ef21ed67,Leg Wax,40.0,40
e9885fa2-aafb-4003-a3f4-c4cc9c952218,603418e0-bc71-44b8-81a9-b1f36c8364f7,Blowdry,20.0,20
92010c9e-7368-48b6-81ba-2b9165f41783,603418e0-bc71-44b8-81a9-b1f36c8364f7,Cut & Style,28.0,30
18a4eb92-c3bb-428c-8635-e8dc5573a446,603418e0-bc71-44b8-81a9-b1f36c8364f7,Eyebrow Tint,7.0,10
723c027b-b6d6-44e5-9163-125e4dee3353,54b186f6-bac3-495c-9873-54ec806e9f40,Scalp Massage,21.0,20
9973d747-7dcd-4789-8299-ae49af6d8505,5fdf2825-b1b3-4fa8-82e2-9b4b81f0ad7d,Spray Tan,18.0,20
604c951e-bffa-470c-ac60-e6a5614beca7,5fdf2825-b1b3-4fa8-82e2-9b4b81f0ad7d,Pedicure,46.0,40
ed3e72a4-01cb-400d-b7cf-7d830b6508dd,14933cc5-a18d-4a4c-9353-f863ca82308d,Scalp Massage,21.0,20
6b3dfb76-9dd5-4c99-8899-c92ca3e20520,8b2d9475-2ac5-44fa-979e-52282f79144f,Pedicure,46.0,40
84745cb2-e742-4866-b46d-e8bab7aa4304,8b2d9475-2ac5-44fa-979e-52282f79144f,Eyebrow Tint,7.0,10
7a891029-2234-44c8-a542-de9513e5930a,3c595a8e-5803-4c56-95d1-d7725fbc455c,Pedicure,46.0,40
68648f82-5d8a-4850-880e-814e1289d732,3c595a8e-5803-4c56-95d1-d7725fbc455c,Cut & Style,28.0,30
9c8ff0b6-ee1e-4e2c-9703-3777bbbef387,3c595a8e-5803-4c56-95d1-d7725fbc455c,Cut & Style,28.0,30
5bb6c50c-a20c-469b-bdeb-417b312da3b4,d613bc13-0f8d-4cb9-aea0-ad5200b873fc,Cut & Style,28.0,30
1b66a47b-3a68-4942-8e2b-351c0149f4ee,d613bc13-0f8d-4cb9-aea0-ad5200b873fc,Eyebrow Tint,7.0,10
13cfa963-2895-49f3-b19e-de4df162c3d5,d613bc13-0f8d-4cb9-aea0-ad5200b873fc,Eyebrow Tint,7.0,10
0bd85821-8289-47af-84fc-69eb306a6428,8d206383-2cd0-4b57-a133-56711866d78d,Full Head Colour,85.0,80
995dd9a3-8ccb-4bd5-aa01-b5d122cf3ed3,9c4461d8-b27c-4382-9f6e-330d5fbada42,Luxury Tri-Active Facial,35.0,30
17d54715-e322-4a93-bfdd-fecfc6291734,9c4461d8-b27c-4382-9f6e-330d5fbada42,Eyebrow Wax,15.0,15
3846c29e-fadb-473e-a5b6-5cdb04abef69,9c4461d8-b27c-4382-9f6e-330d5fbada42,Cut & Style,28.0,30
dcb9f56f-6b2a-4a70-b8c1-b1625e2b5d4b,ac6032ba-8e0f-4f66-acd2-a06d0bc874ec,Pedicure,46.0,40
f35add33-372c-4cd6-9f92-d7974c2b237f,ac6032ba-8e0f-4f66-acd2-a06d0bc874ec,Manicure,26.0,20
6858692d-22f5-4651-92f0-ed45566eaac3,ac6032ba-8e0f-4f66-acd2-a06d0bc874ec,Blowdry,20.0,20
2a7d824b-546e-4797-a30f-1f37d5eb4551,72f5d4fd-8a75-4fd6-95b8-b797c8467aaf,Scalp Massage,21.0,20
9c8b6f5e-630b-4fd5-93f8-360a92e68a03,72f5d4fd-8a75-4fd6-95b8-b797c8467aaf,Leg Wax,40.0,40
3b3cf149-457a-4983-8b18-99dcc807085f,39861ab7-2874-4527-bcb1-b4b31960e376,Luxury Tri-Active Facial,35.0,30
44836869-8f28-4a49-b16a-352f0aaceaa4,0aa74fd1-a826-430b-b837-110b44800592,Spray Tan,18.0,20
f812d7cf-8718-4824-af30-5ced8e605a2c,0aa74fd1-a826-430b-b837-110b44800592,Leg Wax,40.0,40
96b74534-881a-47a5-84cf-e5f8ad883017,0aa74fd1-a826-430b-b837-110b44800592,Pedicure,46.0,40
cf9ea07e-cd8a-4b73-aaa5-99b20a6f2473,39911c4e-3081-4a74-8f64-d250122e41ee,Leg Wax,40.0,40
606b55d1-53ae-4d9a-840e-71ebaaa8fab0,39911c4e-3081-4a74-8f64-d250122e41ee,Spray Tan,18.0,20
7fde798d-7199-4656-b757-dff4ddd414c8,07a77659-21b9-4eda-9f4e-54ea8b14f084,Spray Tan,18.0,20
7b6ba202-d910-4ad1-85e5-b38227eed605,07a77659-21b9-4eda-9f4e-54ea8b14f084,Luxury Tri-Active Facial,35.0,30
5ea14d62-e6e7-4e7a-8488-f83db72d7fc8,4afc90d1-4751-4842-bba3-9af64a708f10,Scalp Massage,21.0,20
b3a84613-f71a-4c99-bd29-02f24e0577e1,4afc90d1-4751-4842-bba3-9af64a708f10,Scalp Massage,21.0,20
1054be1e-5774-4133-83d8-070b11bbd3a0,2878e8b1-23bf-4225-abaa-db4f06bdee61,Cut & Style,28.0,30
ecd9ced0-9751-4085-8367-ef62d1987cb7,2878e8b1-23bf-4225-abaa-db4f06bdee61,Spray Tan,18.0,20
cb631136-7a56-4045-848e-9339be6f0532,2878e8b1-23bf-4225-abaa-db4f06bdee61,Scalp Massage,21.0,20
4b69d7f0-983b-434d-8931-c0aaebd536d8,82e01293-d9a4-413d-9da7-b67b4df7d878,Luxury Tri-Active Facial,35.0,30
4e02b9b9-daec-4e6b-871d-5147792b44b3,82e01293-d9a4-413d-9da7-b67b4df7d878,Spray Tan,18.0,20
605d6cbf-ac24-472d-9081-a75dc42f1b0a,82e01293-d9a4-413d-9da7-b67b4df7d878,Spray Tan,18.0,20
43a9282d-c92f-455f-ad4b-0c00bd73c4f3,db9cc646-0fbd-4d2b-bf0f-2b7f6e4c358d,Scalp Massage,21.0,20
21c33e3a-7e25-41f0-87f9-78e06dbc271b,db9cc646-0fbd-4d2b-bf0f-2b7f6e4c358d,Cut & Style,28.0,30
31767573-3c11-4263-ac3b-aba62e5469a6,4953a1fb-6915-4712-a4a6-1cfafe9ca328,Full Head Colour,85.0,80
ee245ea4-f76a-48c7-8936-e194d4bfe825,ad1d2c3f-5cf6-457c-a021-bbdc830b552a,Eyebrow Wax,15.0,15
bda72e5a-4dfb-41df-b03a-e3c1a9188eb0,ad1d2c3f-5cf6-457c-a021-bbdc830b552a,Scalp Massage,21.0,20
681493ca-1d46-4569-b3c2-421fb5b32603,ad1d2c3f-5cf6-457c-a021-bbdc830b552a,Pedicure,46.0,40
5d9ab64c-457b-4046-aee2-baea02e83561,6bbc0c40-b1bf-4036-bf1b-880443a08ab1,Spray Tan,18.0,20
e02d94ee-3c32-4c75-920c-d4c132d058a2,6bbc0c40-b1bf-4036-bf1b-880443a08ab1,Eyebrow Wax,15.0,15
044b03d1-3daa-4318-af8a-3762406f2f9b,2a835afd-f536-45db-bb09-9c7c51e6b28f,Leg Wax,40.0,40
ab7d9515-ad1b-4bd9-9ebd-0413625bfb8f,2a835afd-f536-45db-bb09-9c7c51e6b28f,Full Head Colour,85.0,80
f215813b-7035-48a4-98a6-9f5914f4a064,89a1d4cd-7be6-4aab-9fc7-8841635dfa91,Skin Peel,60.0,60
4d3d03fd-b814-4be1-a00c-11eecb1149c7,0dccc157-a204-488b-920d-5f331a120357,Blowdry,20.0,20
4f014628-4b73-4a60-b8b3-3b4f1079906e,0dccc157-a204-488b-920d-5f331a120357,Skin Peel,60.0,60
f17e4188-fdbb-4c05-8f26-d819bde84380,0dccc157-a204-488b-920d-5f331a120357,Eyebrow Tint,7.0,10
17be4175-fd66-4657-97fc-2dae93a6f3fc,ec204d75-ff43-47e5-b5d5-f26d88958be9,Skin Peel,60.0,60
5e6dfb8b-0fbe-41e5-ac49-e02df26a5c9e,ec204d75-ff43-47e5-b5d5-f26d88958be9,Pedicure,46.0,40
32731e1d-3b7f-4f44-b419-1bfaeb25fe7f,ec204d75-ff43-47e5-b5d5-f26d88958be9,Eyebrow Wax,15.0,15
d4cf4d40-cee7-4482-a9a1-839eae320a3b,567f8779-29b7-4abf-b945-a616fff43277,Eyebrow Tint,7.0,10
94f0a75c-f915-4ac6-95b4-078c67e03cf4,567f8779-29b7-4abf-b945-a616fff43277,Eyebrow Wax,15.0,15
0de9302f-f869-4c03-8fb7-17120fda07b7,68402911-0fc4-4e15-bfcf-dd1194e6fcaa,Eyebrow Wax,15.0,15
8c892c36-b0e0-4327-9d96-f6da3c93876d,bbf4c462-bbad-4a98-aa08-71d9e5dcdb75,Eyebrow Tint,7.0,10
b4324707-56b2-4c14-8364-23a96130bd82,1b2bd429-b921-4d75-8095-0679b3177991,Spray Tan,18.0,20
0f3d6932-7edc-41f8-a9f2-c52f7b42e257,1b2bd429-b921-4d75-8095-0679b3177991,Blowdry,20.0,20
3004170f-0141-4856-a0ed-9d4c67175f51,1b2bd429-b921-4d75-8095-0679b3177991,Manicure,26.0,20
883120c4-2eec-4e8d-8d36-adb79aaa59be,0c672f55-0988-4d04-9f86-a287d9d57d01,Eyebrow Wax,15.0,15
6376abae-7abc-4e79-8231-fe5c122fda32,0c672f55-0988-4d04-9f86-a287d9d57d01,Cut & Style,28.0,30
14a1fc09-9160-40ae-9502-cef991ded50b,0c672f55-0988-4d04-9f86-a287d9d57d01,Luxury Tri-Active Facial,35.0,30
5f6b8c46-5b12-4f2f-a120-d3fabf137d24,36ed1fc8-aa9e-4f14-99ba-6ebc52149755,Luxury Tri-Active Facial,35.0,30
99e4f0a1-0422-4948-851a-c4a50dabfdd4,36ed1fc8-aa9e-4f14-99ba-6ebc52149755,Luxury Tri-Active Facial,35.0,30
ec987f47-d3d2-4e8a-831c-52b767283d50,47835f0a-a063-4c7f-abe2-4e018b6f2d80,Full Head Colour,85.0,80
bfce9b88-70b9-4e53-98b4-bc384e41f55a,47835f0a-a063-4c7f-abe2-4e018b6f2d80,Pedicure,46.0,40
7b27e03d-aac0-4d61-b9a0-aa4805afef06,47835f0a-a063-4c7f-abe2-4e018b6f2d80,Skin Peel,60.0,60
e22c47d7-1a8c-493a-a138-82bf9ad31285,98eab02e-fad1-4b54-9e19-c3606807eb98,Skin Peel,60.0,60
16f55667-3895-47fd-9d7d-a53bec05535f,98eab02e-fad1-4b54-9e19-c3606807eb98,Spray Tan,18.0,20
dcf8d812-03fa-43fe-a104-ce53114c504e,98eab02e-fad1-4b54-9e19-c3606807eb98,Pedicure,46.0,40
4bc6cead-88df-49f7-9eae-9c72b86bb08f,20ae6bb1-0ab7-4813-85e3-8148affd041f,Eyebrow Wax,15.0,15
2ca185a2-6885-4214-a7d0-e20dbbf68350,20ae6bb1-0ab7-4813-85e3-8148affd041f,Cut & Style,28.0,30
79be5c18-cb08-4c37-8752-4e3aee904dfe,a1bac586-37fa-4c03-85e9-71de617262a5,Blowdry,20.0,20
41edb8ef-6cb5-474a-9a35-ecc502e6e7f3,a1bac586-37fa-4c03-85e9-71de617262a5,Manicure,26.0,20
ada9f679-4775-4e88-bab5-7a313128be33,42692c70-ba06-42d1-ad80-f8028726f255,Scalp Massage,21.0,20
0cdaf7ca-e887-4ed5-a2b7-cf0d1456e177,42692c70-ba06-42d1-ad80-f8028726f255,Pedicure,46.0,40
7a807fc0-8e88-408e-a40d-8917898d81b2,42692c70-ba06-42d1-ad80-f8028726f255,Eyebrow Tint,7.0,10
8e1483ce-8c27-4df8-a6dd-c96a36b75625,1f0f9cc3-4c6b-4aa2-a73e-b6b78f5c7a5f,Spray Tan,18.0,20
1248403e-232c-458a-a6e8-72f07df4e513,1f0f9cc3-4c6b-4aa2-a73e-b6b78f5c7a5f,Scalp Massage,21.0,20
d503de62-3789-486d-a2a9-fa47ff37be1b,dabff98f-f1a7-4a6f-ac46-f34502b04540,Manicure,26.0,20
a5cf2371-6969-49ef-a4a9-c5224244dafe,33152bd0-b3c3-48bb-b6de-406e5e6c6066,Manicure,26.0,20
4d971988-9ac7-4cc8-83a4-85f96d00d197,33152bd0-b3c3-48bb-b6de-406e5e6c6066,Eyebrow Tint,7.0,10
4fdf1c6e-85f7-4dfe-86bd-4e123e9c2f5a,33152bd0-b3c3-48bb-b6de-406e5e6c6066,Cut & Style,28.0,30
e24215f0-72c8-404b-ae85-0ed913b11788,a1e6f7c9-1a7c-4f9e-a24b-253aef326e69,Blowdry,20.0,20
e70cb16d-0805-4a9f-a457-d6dc4bb46b74,a1e6f7c9-1a7c-4f9e-a24b-253aef326e69,Cut & Style,28.0,30
77bcc8bf-c87f-410a-9ba0-c634cc7fdfc5,77bac4b3-e938-401a-bed0-696f1d0490bb,Pedicure,46.0,40
2ce68280-1ef1-4555-8281-bc6dcb714f14,ccd3410f-b8b7-4c06-97c6-f0f9d5183e03,Eyebrow Wax,15.0,15
60390da9-d9a0-45ad-b409-37c7a5a95752,3d9d8476-5fb6-411a-8db6-0657c1f7077d,Cut & Style,28.0,30
d6d7e326-8ed3-4e20-af5f-4f07c3565cb4,3d9d8476-5fb6-411a-8db6-0657c1f7077d,Cut & Style,28.0,30
ba21b62c-df51-4279-a6d4-6ef5b37a32fb,3d9d8476-5fb6-411a-8db6-0657c1f7077d,Leg Wax,40.0,40
d407ab11-8ee5-4f47-8cc0-bbfb0d50c206,b9b29e37-9136-481c-81ce-d883e5b15012,Scalp Massage,21.0,20
5b6aea9c-b8d7-422c-ba71-29d2eb5077ad,b9b29e37-9136-481c-81ce-d883e5b15012,Eyebrow Wax,15.0,15
c395c0b7-6cfe-492f-88dc-fef262c9f2f3,b9b29e37-9136-481c-81ce-d883e5b15012,Manicure,26.0,20
055848cc-48d3-440f-a32d-1103b6019d01,a89db7e7-93ba-4dca-bb82-9089959b9f1c,Eyebrow Tint,7.0,10
28962b14-a809-4958-9f99-4e2d48eac9b9,a89db7e7-93ba-4dca-bb82-9089959b9f1c,Skin Peel,60.0,60
e1f49550-9067-41e1-94d4-f522407e1904,a89db7e7-93ba-4dca-bb82-9089959b9f1c,Eyebrow Tint,7.0,10
962475de-0361-4ac3-aab9-d051907db7df,d4c22708-ce71-40a2-88a4-c305d21aa408,Eyebrow Tint,7.0,10
e63bc3d6-677f-4a61-87d4-42629f1b7b7e,d4c22708-ce71-40a2-88a4-c305d21aa408,Eyebrow Wax,15.0,15
f8eced7b-2374-40d2-89e5-af1b7a94b14d,d4c22708-ce71-40a2-88a4-c305d21aa408,Manicure,26.0,20
f4447719-df98-4160-a431-90a8a7ccdd02,a84d1981-142a-46de-88e2-569ec5201add,Skin Peel,60.0,60
0122b1a2-54cb-4236-bc2f-fa89b75e2f87,a84d1981-142a-46de-88e2-569ec5201add,Skin Peel,60.0,60
9fe7145c-f766-495d-975e-58d7360bd48d,a84d1981-142a-46de-88e2-569ec5201add,Full Head Colour,85.0,80
9672fff7-fc05-4975-a107-be9415d22650,62d6956d-1c7d-447b-8d3d-94745caac7af,Skin Peel,60.0,60
e8cb5126-9879-4ce1-97ac-822783b23f44,3941b8eb-dea3-44f8-aa41-a2370b1fe1db,Leg Wax,40.0,40
7c6cce0e-8a79-424d-b71a-95e49720572f,3941b8eb-dea3-44f8-aa41-a2370b1fe1db,Cut & Style,28.0,30
b7a945eb-b7c3-420c-966b-366a44d55e8b,3941b8eb-dea3-44f8-aa41-a2370b1fe1db,Spray Tan,18.0,20
8bdfea1c-3b62-4ffa-924a-3e05279465d0,78c9261b-860f-4edd-9882-2409b0017b17,Scalp Massage,21.0,20
39034360-984d-493b-883e-e6b2d2c85820,78c9261b-860f-4edd-9882-2409b0017b17,Scalp Massage,21.0,20
770afd24-e0fb-4606-b703-8cdd9fec6c7e,7525e4a4-dce3-4379-be27-89a8b99c2c9a,Eyebrow Tint,7.0,10
91f9aed8-7245-44b1-addb-a45ad1577e20,0024fde7-1d34-4573-b3c4-28627117cbd4,Luxury Tri-Active Facial,35.0,30
284c7734-49bc-4c7f-9d22-b8a3fd66baed,0024fde7-1d34-4573-b3c4-28627117cbd4,Eyebrow Wax,15.0,15
4a439885-f299-4eab-a60b-9aa2413fe50b,0024fde7-1d34-4573-b3c4-28627117cbd4,Pedicure,46.0,40
3531bee3-c7fc-4b4a-8f8e-0a7ab7a6f7ec,2407d7de-e0ea-4f04-ad63-46fad236c8eb,Spray Tan,18.0,20
5f9bf691-1f27-4a48-aa6e-286432b80df0,2407d7de-e0ea-4f04-ad63-46fad236c8eb,Leg Wax,40.0,40
9d683cd9-9f94-4147-8543-685c6441347f,19c38228-ce69-45b5-9557-0c4b16e993c5,Skin Peel,60.0,60
52e6a67c-8c1d-4233-b6d8-a69cc5c8854c,d3749667-7394-4309-a1a9-cd51f1bcf3a4,Cut & Style,28.0,30
3392fcd8-3fd2-44a0-8f04-4214dfa84439,d3749667-7394-4309-a1a9-cd51f1bcf3a4,Luxury Tri-Active Facial,35.0,30
701be49d-fa4b-412d-9307-4cc14aaf6bb4,9bdc5be9-3d69-4044-92c7-2717d4c626b7,Eyebrow Tint,7.0,10
805721f5-087c-4f45-99b1-f481a275be34,2bcadf7e-aed9-4418-b477-6405ce00d54d,Manicure,26.0,20
991a2c40-c965-49f6-9d7c-4c6502843a27,2bcadf7e-aed9-4418-b477-6405ce00d54d,Blowdry,20.0,20
de9b2d99-9cee-4645-933a-4903f17c2af6,31df448a-53c1-4899-9743-8c15811e713b,Blowdry,20.0,20
d98b77ff-fd31-4a9d-a9ca-8030282a0d26,31df448a-53c1-4899-9743-8c15811e713b,Eyebrow Wax,15.0,15
6be11604-8d8d-47b1-8801-751d9a634571,31df448a-53c1-4899-9743-8c15811e713b,Cut & Style,28.0,30
5b695aeb-547a-4242-b549-e79e464fcaff,6c05cf0d-0038-4ccf-9cc9-7a997f16baf9,Luxury Tri-Active Facial,35.0,30
38d40bb6-23da-407f-b340-ba56fb20f478,6c05cf0d-0038-4ccf-9cc9-7a997f16baf9,Scalp Massage,21.0,20
fc68d56c-6dee-4485-a4ca-5a6c056422c2,6c05cf0d-0038-4ccf-9cc9-7a997f16baf9,Cut & Style,28.0,30
f9e5182b-2c5d-4683-a74a-7a457e0bf5e2,9cd3a023-36fb-4d2f-880a-f223a96423e3,Spray Tan,18.0,20
72147ae9-55bc-4885-a66e-ff9636aab109,988a7943-00aa-43bf-8a58-319309c995ef,Leg Wax,40.0,40
b3e1dd38-3c47-462e-b521-cbd8c79c6ae3,988a7943-00aa-43bf-8a58-319309c995ef,Leg Wax,40.0,40
a685974a-6118-4954-98e5-0d4ddcc69d66,fdd6cc4c-eeea-4805-a5b4-5191a420ab49,Full Head Colour,85.0,80
9da0dd22-4c58-43e6-81a5-ebac9f92602b,fdd6cc4c-eeea-4805-a5b4-5191a420ab49,Cut & Style,28.0,30
19a37b4e-2982-49b0-8997-0f0e067f09d5,fdd6cc4c-eeea-4805-a5b4-5191a420ab49,Skin Peel,60.0,60
1542215a-1be5-424a-870e-f59bf21f5652,e486bf2f-64e7-47b6-a61c-4ff7048552a2,Leg Wax,40.0,40
dd1a84c5-31eb-4e25-b329-44d104c7c819,e486bf2f-64e7-47b6-a61c-4ff7048552a2,Full Head Colour,85.0,80
a9e28ccc-4f19-4c95-8399-b5827151f91d,e486bf2f-64e7-47b6-a61c-4ff7048552a2,Spray Tan,18.0,20
ec8ff095-7997-4142-8d33-2dae82db4623,e42389b4-ed0c-496c-bc00-88168507248f,Cut & Style,28.0,30
0db534b3-6b63-48ab-92ab-e82cd91c7e4a,e42389b4-ed0c-496c-bc00-88168507248f,Eyebrow Tint,7.0,10
9d7bd716-e2c9-4da3-9ad9-483fda2986ad,e42389b4-ed0c-496c-bc00-88168507248f,Full Head Colour,85.0,80
6c8ad646-56d1-43b5-b214-f74b962b12e8,7bf31254-59bd-495a-9e14-6e6a36917fac,Spray Tan,18.0,20
a02c9e46-eacf-43a4-8f42-a916ecfef936,7bf31254-59bd-495a-9e14-6e6a36917fac,Luxury Tri-Active Facial,35.0,30
97013ffc-cd5d-4033-915e-350ccd08ba8b,a2e0ea6b-0e0c-46c5-9a0e-daf5c8ad1c49,Pedicure,46.0,40
cdcedc31-968d-400f-9885-f31b68e63a32,a2e0ea6b-0e0c-46c5-9a0e-daf5c8ad1c49,Full Head Colour,85.0,80
d52e62f7-f6ae-4e1d-9879-5a92ccc47b34,453527f0-8543-40b6-a069-7d3c0e5c1758,Blowdry,20.0,20
8338fa2e-e30b-4ea3-ae81-5b5bb9575cd8,bb230831-e02e-4ad3-9131-7b930fcf2e6e,Scalp Massage,21.0,20
bef5eaf5-e0e5-4188-bf1b-3dd1da5c80f9,8094a3e0-c885-425f-823a-1c3e0fceda16,Eyebrow Wax,15.0,15
647ff104-9da9-4e68-8f25-3d03e349aa2d,8094a3e0-c885-425f-823a-1c3e0fceda16,Eyebrow Wax,15.0,15
c00c2375-d00c-4dd4-82c9-825d55857351,73de4207-0141-484b-96ff-4ca62b84307d,Pedicure,46.0,40
08078949-3b11-4fa7-9759-5ff2ae547095,8a6e543b-5d95-4a69-bdd5-048ffbffabc5,Skin Peel,60.0,60
e2837658-c0aa-4a02-b6e3-42970de992c5,6de33aec-d36c-4f53-8700-a15b6c5ba8ef,Eyebrow Tint,7.0,10
e1ffc72c-e559-49d4-bcf1-3eef042998f0,6de33aec-d36c-4f53-8700-a15b6c5ba8ef,Manicure,26.0,20
14b2cf33-02b0-4d47-9928-a197d58d582c,6de33aec-d36c-4f53-8700-a15b6c5ba8ef,Eyebrow Tint,7.0,10
d9a575e1-970f-441d-8b61-ba45cf2eeb74,63df7847-ca5c-4ae6-8b96-0dd4c762b7b8,Eyebrow Wax,15.0,15
95b5e932-449a-4f61-b762-1a9ff1f5ce9a,63df7847-ca5c-4ae6-8b96-0dd4c762b7b8,Pedicure,46.0,40
0d2e9768-dc0a-41c1-9bc1-2268cfeb95ab,63df7847-ca5c-4ae6-8b96-0dd4c762b7b8,Spray Tan,18.0,20
43c2e7b8-66dd-442d-8c75-485b3072b1cd,5018f590-0c16-4823-bcd6-573614eed6d8,Blowdry,20.0,20
846253fe-fd02-4562-8f47-55ecdc88a457,5018f590-0c16-4823-bcd6-573614eed6d8,Eyebrow Tint,7.0,10
882524c9-3be3-4f9e-ab9b-c23b390718d3,f046bcf2-9a5b-4f1b-8a51-13d6a517e325,Spray Tan,18.0,20
4ad45a4f-cc71-450f-b1ba-8fd70313e1d5,f046bcf2-9a5b-4f1b-8a51-13d6a517e325,Cut & Style,28.0,30
f53e21c2-9948-40ed-bc88-529298a47d14,b02fc2fe-3c44-4b60-b629-7efa6549087e,Skin Peel,60.0,60
87060e4c-b08d-4f2c-a110-bdcf72a604b6,b02fc2fe-3c44-4b60-b629-7efa6549087e,Blowdry,20.0,20
7160dd72-32c8-4c2a-bf43-e800a593c625,b02fc2fe-3c44-4b60-b629-7efa6549087e,Full Head Colour,85.0,80
a8ac72c1-4770-4e44-bc90-c989510a4157,97a25897-1eb6-43e2-b4cc-4102dbc75ba3,Leg Wax,40.0,40
3dc209eb-75b7-45e8-b4ff-66faf77e2cee,97a25897-1eb6-43e2-b4cc-4102dbc75ba3,Scalp Massage,21.0,20
87bfca16-7b77-406a-bb80-62d367a4de3e,97a25897-1eb6-43e2-b4cc-4102dbc75ba3,Eyebrow Tint,7.0,10
4a9113a6-1261-41be-989b-d750a8892759,ed5be303-7e50-41f4-88b3-7f5d3f23a18c,Manicure,26.0,20
51a53578-d06e-4b82-b5c5-ac4d79c7b904,ed5be303-7e50-41f4-88b3-7f5d3f23a18c,Skin Peel,60.0,60
37db184f-670f-4b59-a5df-f48e7776338d,ed5be303-7e50-41f4-88b3-7f5d3f23a18c,Spray Tan,18.0,20
fc431014-64c1-4103-a3b5-94c95424b656,1b1630ce-5b62-4fd6-a7c6-9b7458025d32,Spray Tan,18.0,20
8d432703-61d7-4907-adc3-3a0496ed3c17,81636e14-4431-47de-9e6f-7659983e4ff7,Skin Peel,60.0,60
a189fc2e-2d62-4bcb-9d5e-1f899d20ad1e,81636e14-4431-47de-9e6f-7659983e4ff7,Scalp Massage,21.0,20
a1edb37f-539d-42f8-bac8-a6d0e5117c50,e7450ec0-5b52-4c72-afc8-9b11381e4421,Luxury Tri-Active Facial,35.0,30
ea37b035-5834-4187-bb98-437302e91eba,e7450ec0-5b52-4c72-afc8-9b11381e4421,Luxury Tri-Active Facial,35.0,30
9dc095ed-25ba-414e-960e-ce35929a52b6,e7450ec0-5b52-4c72-afc8-9b11381e4421,Leg Wax,40.0,40
b2186a7c-57bb-47a1-96e8-daf271e08a48,e30dd578-ea5f-4618-bca1-c3950e2e22d0,Leg Wax,40.0,40
294f5c2f-5482-44eb-94a2-89b6e9a1ed7d,e30dd578-ea5f-4618-bca1-c3950e2e22d0,Eyebrow Tint,7.0,10
10eefe41-b0ef-4ec9-b865-002c04227c70,045e2eec-bdf9-457d-ab7e-63e34098721c,Scalp Massage,21.0,20
66b6e3e6-86e7-4d7b-b50b-5987353d7b1a,045e2eec-bdf9-457d-ab7e-63e34098721c,Spray Tan,18.0,20
76f36d03-8978-42c2-8b09-14397ee88e6c,045e2eec-bdf9-457d-ab7e-63e34098721c,Blowdry,20.0,20
d7b2708d-6db7-4985-874a-3bd7823a8752,a6686895-729d-4ea3-ab66-a86d13e7dae6,Eyebrow Wax,15.0,15
1fcb8618-e5b5-46fe-81ce-845a1321e33b,a6686895-729d-4ea3-ab66-a86d13e7dae6,Skin Peel,60.0,60
b24f466a-617a-4c7e-978d-422291e17745,a6686895-729d-4ea3-ab66-a86d13e7dae6,Spray Tan,18.0,20
812661f4-3d77-45de-b342-f53ad0864ca6,6f7c11ab-4705-4e2b-b32c-94df3ba97d65,Blowdry,20.0,20
216c1ed4-c23d-4a69-975e-cd3790121003,6f7c11ab-4705-4e2b-b32c-94df3ba97d65,Full Head Colour,85.0,80
2c56ca1d-b25c-4fea-ad47-f9c922688512,3ed8313b-cd34-4a8c-8d4e-71c61bed7962,Blowdry,20.0,20
2cb383f2-d9bb-4986-b55d-59bee9370a57,3ed8313b-cd34-4a8c-8d4e-71c61bed7962,Full Head Colour,85.0,80
6c2ad63f-21ac-4879-bad7-bbd71b180087,3ed8313b-cd34-4a8c-8d4e-71c61bed7962,Manicure,26.0,20
e5b68aaf-cf28-4d1e-9393-532a24a87bb9,11dd5425-85b8-4e46-8bea-adcafa78d619,Full Head Colour,85.0,80
30841129-7433-41ed-8147-00deee934634,11dd5425-85b8-4e46-8bea-adcafa78d619,Luxury Tri-Active Facial,35.0,30
9f964658-ae76-426f-ac84-34dc0eea9a2a,11dd5425-85b8-4e46-8bea-adcafa78d619,Eyebrow Tint,7.0,10
4b1f9666-dd6d-4b28-98e2-52f11caf54bd,3c550776-e39b-482c-a654-d16d08e6b937,Eyebrow Wax,15.0,15
f79e80f5-4c83-42bb-85eb-774fb5e88c95,3c550776-e39b-482c-a654-d16d08e6b937,Pedicure,46.0,40
5190d470-341c-4ee3-9964-d225e05a0fab,3c550776-e39b-482c-a654-d16d08e6b937,Cut & Style,28.0,30
537cc57a-625b-49cf-bac7-48af4bf0db62,4de6ca39-53f3-4c4d-99fc-dd3fbb094aa1,Manicure,26.0,20
a663177e-25a1-481e-9eb2-76e44dcdc9dc,ad2656d8-0509-4664-9b67-4005b9c6865b,Cut & Style,28.0,30
40837069-07c9-4e68-851b-6916d836b081,02a1a8e2-ec37-47c0-a095-c50dd1f29de7,Pedicure,46.0,40
24160d46-3279-4e2b-9f9f-0825aec26aca,02a1a8e2-ec37-47c0-a095-c50dd1f29de7,Eyebrow Tint,7.0,10
afceb147-6ac9-468a-9c87-c890da2e63e7,02a1a8e2-ec37-47c0-a095-c50dd1f29de7,Pedicure,46.0,40
a226f183-49c4-4adf-a6fc-a47404be84b3,f52e9dd0-bfd6-43f1-82e2-94ef42dc314d,Manicure,26.0,20
a304a06a-35f1-45bd-9242-4f070e1489d9,f52e9dd0-bfd6-43f1-82e2-94ef42dc314d,Manicure,26.0,20
48e9ba74-6e33-4a26-9b17-1fb9ea23c3f0,f52e9dd0-bfd6-43f1-82e2-94ef42dc314d,Eyebrow Wax,15.0,15
58547752-ea42-4b89-883c-ba4d3882eec1,76ab4b6f-5a4a-4a02-85a4-4d604258b60a,Luxury Tri-Active Facial,35.0,30
017f052a-b7d0-4c69-9666-b59b4811c901,76ab4b6f-5a4a-4a02-85a4-4d604258b60a,Scalp Massage,21.0,20
cac71214-9362-46cc-a2f6-64267984a41b,76ab4b6f-5a4a-4a02-85a4-4d604258b60a,Full Head Colour,85.0,80
83f7190a-7381-46aa-8ea6-b1d0ab6da68c,b05ea150-b271-4594-a118-702ca4733bea,Scalp Massage,21.0,20
ceba5996-28b4-451b-9cf9-feb7f208cd1c,b05ea150-b271-4594-a118-702ca4733bea,Spray Tan,18.0,20
535e70a8-9435-457d-a3cc-4412fc007bd9,b05ea150-b271-4594-a118-702ca4733bea,Pedicure,46.0,40
7416a43e-068f-4239-bbe0-2d5aafec1ee1,211e4b8e-128a-430b-a2d3-0cf72d7c12d3,Leg Wax,40.0,40
e07e4934-3dd9-430f-8a8c-659e13e001b0,211e4b8e-128a-430b-a2d3-0cf72d7c12d3,Scalp Massage,21.0,20
0dd71ecd-376e-44c1-b8e0-36b5ef73941e,132bd839-14c1-4764-a20c-cc9216eee7e6,Eyebrow Wax,15.0,15
e1a688f1-45e5-47a3-8687-9b26bfbfcc90,132bd839-14c1-4764-a20c-cc9216eee7e6,Leg Wax,40.0,40
f22ee11e-ca05-484b-b17d-9437681b7f54,132bd839-14c1-4764-a20c-cc9216eee7e6,Spray Tan,18.0,20
2d646b61-939f-40ee-98b9-795b22ec5556,daf3f239-5c0e-4ed0-b680-e020fe47f608,Blowdry,20.0,20
6d291743-a66f-4f76-b02a-868c7b99095e,daf3f239-5c0e-4ed0-b680-e020fe47f608,Spray Tan,18.0,20
4a5d1a8f-9a19-47df-8200-22d3ab70b18c,daf3f239-5c0e-4ed0-b680-e020fe47f608,Scalp Massage,21.0,20
8662e9ee-ec3a-4c52-90f3-e93d2b0e76e4,f701307c-c65e-43e8-9d95-4ad634e5581f,Leg Wax,40.0,40
dafa72d0-4deb-45c5-bc5c-a264444abb64,f701307c-c65e-43e8-9d95-4ad634e5581f,Leg Wax,40.0,40
f82f4731-f4f5-4447-b984-f9ac59602b82,b92fa3fc-ffc1-47f1-91b4-a26121fdb692,Cut & Style,28.0,30
2bef5f4a-8dcb-478f-a6a9-64f8967ce3cf,b92fa3fc-ffc1-47f1-91b4-a26121fdb692,Eyebrow Wax,15.0,15
68f1cbc6-297f-4207-a036-d58ef5acc6f1,b92fa3fc-ffc1-47f1-91b4-a26121fdb692,Cut & Style,28.0,30
0839bb38-e1d8-4024-9b34-224a111e39c3,2a76c4e4-1114-42c5-805f-b602954588ac,Leg Wax,40.0,40
25867a2f-6ff7-4096-9984-d35e4499abd7,2a76c4e4-1114-42c5-805f-b602954588ac,Eyebrow Tint,7.0,10
136cf08d-b361-40a0-a5ef-57288ae916e2,2a76c4e4-1114-42c5-805f-b602954588ac,Blowdry,20.0,20
86aaaa07-f255-46fe-ad60-ad4c0fbc3904,d43ad8cc-a57f-41bc-a99e-4ca139acbf74,Leg Wax,40.0,40
a5fa52f8-bd08-47b8-be27-77635ad892d8,6214f896-c9a1-49a2-aa47-907c35b85f34,Pedicure,46.0,40
db89d5c5-36c9-4ad2-984e-37e525da9a15,6214f896-c9a1-49a2-aa47-907c35b85f34,Spray Tan,18.0,20
95b8ffb1-1b60-4031-81d8-1ddae4e05ac0,6214f896-c9a1-49a2-aa47-907c35b85f34,Spray Tan,18.0,20
e631f506-b50d-481a-9de2-a1c76ea1de03,e828e070-f574-429a-8137-fac79f14a6e2,Luxury Tri-Active Facial,35.0,30
1e7d5f18-e3eb-4f79-9f57-5d236101aaa3,537fbe5e-9695-405e-bade-eb7fa4464440,Eyebrow Tint,7.0,10
6c77a0fa-56f2-4133-a950-a38b096e684c,667ff36d-4d01-4e4a-b451-9a51f43e2876,Eyebrow Tint,7.0,10
fa60db34-e1bb-46a2-b5fc-6d90f84eec75,667ff36d-4d01-4e4a-b451-9a51f43e2876,Pedicure,46.0,40
bd77735d-893e-442d-b76d-ed9b1b32ef88,ec63698f-df31-47e5-8918-e31a1d374bfe,Skin Peel,60.0,60
93595217-110e-4446-a907-0ef0d119761a,ec63698f-df31-47e5-8918-e31a1d374bfe,Cut & Style,28.0,30
16622de6-53dc-4e20-b652-bdd776996ad5,ec63698f-df31-47e5-8918-e31a1d374bfe,Full Head Colour,85.0,80
c016ce58-ae40-49d0-947b-d57be66d35fc,c3df8753-ec58-4f95-9955-bee2461fee2d,Blowdry,20.0,20
7f6cf7da-1c77-40e2-ad63-7c1cc3ff1329,c3df8753-ec58-4f95-9955-bee2461fee2d,Scalp Massage,21.0,20
e0200481-9510-47f9-8c5d-4d9fa91a100a,c3df8753-ec58-4f95-9955-bee2461fee2d,Spray Tan,18.0,20
53bd69b1-ed35-4e0a-a3d9-86168ae14490,ab556557-832e-42b1-b2a4-e437e612c804,Spray Tan,18.0,20
1400006c-3325-4d21-9b66-d006c81008bb,ab556557-832e-42b1-b2a4-e437e612c804,Eyebrow Wax,15.0,15
e2c0f468-fdcb-4381-83ed-1b52527205e2,eea9f177-b400-443d-80d9-6617e495b1f8,Eyebrow Tint,7.0,10
f09de996-46fb-400b-83c1-5b6aa0a375de,eea9f177-b400-443d-80d9-6617e495b1f8,Cut & Style,28.0,30
e3a9e5ae-0a3c-49aa-ae3b-6e22aedb6a9c,eea9f177-b400-443d-80d9-6617e495b1f8,Blowdry,20.0,20
40054b81-a9df-48d0-9dc3-8284156da47e,050affde-d138-4ddf-a664-162193d8a959,Scalp Massage,21.0,20
1c127960-7537-4298-ad79-c4374d994bbc,050affde-d138-4ddf-a664-162193d8a959,Spray Tan,18.0,20
6f632eac-5141-41e9-a6e3-1f14e44197c7,b5e5b581-8b58-4431-ad4c-29464a678b0e,Pedicure,46.0,40
1ba32b0f-8266-4f97-ab2a-0f7a6dbbc38e,b5e5b581-8b58-4431-ad4c-29464a678b0e,Eyebrow Tint,7.0,10
a4dfef59-fd48-40c0-8e33-c9872159a18a,b5e5b581-8b58-4431-ad4c-29464a678b0e,Scalp Massage,21.0,20
03c83e6b-bb53-467d-9547-b04c0de666b9,1b0d7be5-7ca6-463b-9189-21393f5d457f,Full Head Colour,85.0,80
28318137-2384-478d-bfe9-7b9b462d545e,1b0d7be5-7ca6-463b-9189-21393f5d457f,Manicure,26.0,20
e7bb6286-48b2-4bdf-b86a-cb1863002f1d,1b0d7be5-7ca6-463b-9189-21393f5d457f,Spray Tan,18.0,20
76524fb5-001c-4c9d-9af9-70be1ccf1af6,3792ec37-28a0-407c-b269-65ad7c0bb5c5,Leg Wax,40.0,40
a14493a9-4f06-4214-a51f-448051ddfcfd,3792ec37-28a0-407c-b269-65ad7c0bb5c5,Skin Peel,60.0,60
04229fc1-3a3b-4e6d-999c-2e863d9e42d0,baa35b96-fcd3-4de0-a0ec-bf529c3f9868,Luxury Tri-Active Facial,35.0,30
c9c4bfb2-e978-4cdd-88d0-474a0fcaa067,7dd5ddf3-c2b7-4934-882a-016abc3fb37a,Skin Peel,60.0,60
bcdf0558-6cea-4162-8f88-74dffec9f7dc,7dd5ddf3-c2b7-4934-882a-016abc3fb37a,Spray Tan,18.0,20
307b1dcc-c409-465c-9cb8-212334b8003a,7dd5ddf3-c2b7-4934-882a-016abc3fb37a,Blowdry,20.0,20
cda5d9fb-9925-46e2-bc7e-ccf15f50a866,3e242e33-2bc2-45c8-9153-80f778d7932b,Leg Wax,40.0,40
611b5e10-5aa2-460b-a4fa-f5922a48a8a5,3e242e33-2bc2-45c8-9153-80f778d7932b,Leg Wax,40.0,40
96c69420-a1f6-4c60-a314-b02ace7e66ea,3e242e33-2bc2-45c8-9153-80f778d7932b,Blowdry,20.0,20
2c729ae7-6699-42b6-85aa-8246d65a2927,41bfebf5-8693-4541-a1d1-a8db64f22f02,Luxury Tri-Active Facial,35.0,30
e6c9bb2b-b78f-46ad-8a43-42276e9bcd0e,0908e3f5-2b99-4a56-b589-0cbbb7750160,Scalp Massage,21.0,20
5771e3c5-0150-4db2-9d41-c311ee1e0c95,0908e3f5-2b99-4a56-b589-0cbbb7750160,Pedicure,46.0,40
cba64ae7-8ce9-44f0-9d56-c41d4aaf4dec,0908e3f5-2b99-4a56-b589-0cbbb7750160,Skin Peel,60.0,60
5baaf80b-0961-47a1-b7e4-12f17156960b,ba2055a4-d3e9-4e97-8254-0fd47568f79d,Luxury Tri-Active Facial,35.0,30
3c758dfd-47bb-4f34-8279-ee153b855ad4,ba2055a4-d3e9-4e97-8254-0fd47568f79d,Blowdry,20.0,20
5e7359fa-73f1-4f78-b0ee-7da0999cdc6b,ba2055a4-d3e9-4e97-8254-0fd47568f79d,Skin Peel,60.0,60
329378f0-a9f2-44b9-86b1-3c88d5ea1894,914d44aa-a1fc-41b6-94cb-680d2ecf23a5,Spray Tan,18.0,20
7f1aa857-d405-4839-a080-bbca7fdd9d7f,631426dc-5679-4d29-87ee-c8bc3168d6c3,Eyebrow Wax,15.0,15
66ce0791-38a2-4ea9-97e3-b6b15bd7e3ab,2a3dce95-5516-4725-8f9f-dc439a7664aa,Blowdry,20.0,20
75683018-dd54-422a-b05e-7fcb59633662,2a3dce95-5516-4725-8f9f-dc439a7664aa,Cut & Style,28.0,30
c371b659-1e56-4dfe-bd86-5432ce12b543,2a3dce95-5516-4725-8f9f-dc439a7664aa,Scalp Massage,21.0,20
08aa1c9e-fadd-4c26-ac7e-8aced002e9b8,41e391f7-28b0-4f39-9ecf-2730e1db2f8d,Skin Peel,60.0,60
d20f6d2e-c52c-465d-a268-087241746731,68133587-ece7-4491-9764-c46a616db09e,Spray Tan,18.0,20
f0dca823-23e2-4773-857d-c4890d41c7b3,541ed368-131f-4a44-97a6-b7dc628ac601,Manicure,26.0,20
0ecf5618-f223-4aea-b4e8-06602127c878,541ed368-131f-4a44-97a6-b7dc628ac601,Pedicure,46.0,40
6843aee4-f2da-43e6-8003-cfe743eff0c7,541ed368-131f-4a44-97a6-b7dc628ac601,Scalp Massage,21.0,20
58c8d4c6-af2a-4059-b14b-76b7ae35caf4,4fc8cf8e-2462-4c21-bcf2-abee68b7fc88,Pedicure,46.0,40
866f2ab8-6fdb-4800-9a7c-838ea57cdfb8,4fc8cf8e-2462-4c21-bcf2-abee68b7fc88,Skin Peel,60.0,60
a69f0101-83b2-4a28-8c92-0a64de9a9aec,4fc8cf8e-2462-4c21-bcf2-abee68b7fc88,Eyebrow Tint,7.0,10
2d7adf62-7559-459c-80ff-2e94cc3b4772,53f266de-42f2-44c9-a57d-75752b81eee6,Skin Peel,60.0,60
bfca2cf5-6f3f-43b1-9437-a96bc1567a0e,873bb92f-25dd-4dcd-a9d7-9344abce623a,Skin Peel,60.0,60
e53f25ed-cd8b-44e7-8b1c-2b6edf9c546c,9a0f7ff8-b9ce-4683-a003-f43c23e6ac61,Full Head Colour,85.0,80
be6ab544-f4e8-408d-b667-be2663a83758,9a0f7ff8-b9ce-4683-a003-f43c23e6ac61,Eyebrow Tint,7.0,10
323f52c8-1ba5-416c-8620-8e3f4786c874,e5d0efe9-2b66-48c2-b20a-c2cb5c5522c2,Luxury Tri-Active Facial,35.0,30
f43f1f87-47b7-4927-b263-72899e8a4211,8dff2f2b-4e86-458f-be84-ede26685cf3d,Cut & Style,28.0,30
137831d6-8d22-43e6-8dbe-3f763a538f6c,8dff2f2b-4e86-458f-be84-ede26685cf3d,Skin Peel,60.0,60
afae39b1-bfe0-4a3d-8a86-e2deaa8e242a,8dff2f2b-4e86-458f-be84-ede26685cf3d,Eyebrow Tint,7.0,10
3e51670a-b2a7-4ec6-8f12-373164517d0f,4c859c1f-712c-4010-9f28-4c1d5c62906e,Full Head Colour,85.0,80
e92f2af9-f7ab-49d2-9138-61eb76e7742d,4c859c1f-712c-4010-9f28-4c1d5c62906e,Skin Peel,60.0,60
2abae4a0-1182-4776-af9a-d7a840023ea3,4c859c1f-712c-4010-9f28-4c1d5c62906e,Eyebrow Wax,15.0,15
aecd7f8a-a295-4e43-8873-24d82d367598,e3f6cfd4-b70b-47fb-86f3-5280dfc8abfe,Blowdry,20.0,20
48e111e7-55a6-4160-a551-546417ca8d21,9421eaee-0c6c-483c-8f33-33e68fb11cbc,Luxury Tri-Active Facial,35.0,30
0999162b-4597-4ca1-bdf3-2552b3abbcd6,9421eaee-0c6c-483c-8f33-33e68fb11cbc,Luxury Tri-Active Facial,35.0,30
3c57fff5-7e61-41b8-aba6-9c41b4d64674,9421eaee-0c6c-483c-8f33-33e68fb11cbc,Manicure,26.0,20
06a96441-e5bc-47dd-88d4-1de7a3663ba3,e2ec2446-6769-4d62-a3b9-d500ea90d8c1,Pedicure,46.0,40
d2ecb1e4-908c-4b56-bce8-13ee8aca6816,e2ec2446-6769-4d62-a3b9-d500ea90d8c1,Skin Peel,60.0,60
ed0ffc04-5290-4108-a8ef-e52e571d0e46,fb04de1d-d5b9-429f-8d2a-70392e16e29c,Full Head Colour,85.0,80
d785bc5b-6ba0-455f-bc44-9e867ef559bc,fb04de1d-d5b9-429f-8d2a-70392e16e29c,Pedicure,46.0,40
0cc43aa5-0dd7-4ec6-a4f9-8ca600869709,fb04de1d-d5b9-429f-8d2a-70392e16e29c,Eyebrow Wax,15.0,15
93f2890e-fe0d-4c38-9524-db588483c710,91c97e40-da58-4948-97bd-d170bced530c,Skin Peel,60.0,60
0c180378-831d-4026-b56c-b4c646eefad6,91c97e40-da58-4948-97bd-d170bced530c,Skin Peel,60.0,60
3f1939db-43c2-4117-88da-b8dfc72875c4,076c845b-7424-41e4-bd03-bce874e57c45,Manicure,26.0,20
aae195db-3fcd-433e-ad67-85f680fcb320,076c845b-7424-41e4-bd03-bce874e57c45,Scalp Massage,21.0,20
6f5fabfa-1c8a-4069-827b-6a3aaeaeaa4e,6c5b4a26-1cd6-4cbd-83f7-0128884a86e5,Luxury Tri-Active Facial,35.0,30
b928f992-32b6-4c89-a1ed-7a15a0b59412,51cc1514-b417-4f76-913d-d4381907d973,Manicure,26.0,20
4f10aa25-48f4-4856-b235-83921940a16b,51cc1514-b417-4f76-913d-d4381907d973,Full Head Colour,85.0,80
2a33d265-5344-4ff4-a1d0-573cc8578bf7,51cc1514-b417-4f76-913d-d4381907d973,Skin Peel,60.0,60
cb759e76-2381-4b41-83ed-35f192587035,7df107dc-f5c8-4956-a310-9c3f282b6217,Luxury Tri-Active Facial,35.0,30
2e22e0e7-b57a-4f55-81f0-3e5131f4af16,7df107dc-f5c8-4956-a310-9c3f282b6217,Skin Peel,60.0,60
cea6244c-1a2d-411c-9599-58bbdf1a1277,30bb36c0-0fc7-442c-8012-967742ed7bd4,Full Head Colour,85.0,80
c2595819-462c-461f-8bfd-74a8d03a8053,30bb36c0-0fc7-442c-8012-967742ed7bd4,Cut & Style,28.0,30
63a0259b-1334-4796-8ac6-02ee6b82db5a,30bb36c0-0fc7-442c-8012-967742ed7bd4,Eyebrow Tint,7.0,10
ec66c78a-3975-462b-a90c-6338e010360c,897d70d9-9b9b-4d4f-9c9e-1f61e2181523,Full Head Colour,85.0,80
758815b4-c254-4a8b-adc1-ee051b3c8e36,897d70d9-9b9b-4d4f-9c9e-1f61e2181523,Eyebrow Tint,7.0,10
95bb94bb-735b-4f06-8586-c976ec501dac,897d70d9-9b9b-4d4f-9c9e-1f61e2181523,Spray Tan,18.0,20
1c527665-b577-4d0d-91ed-d30e806a9ff2,5f6065b1-1d35-4091-8fdf-6eef2ebff131,Manicure,26.0,20
8aa81658-a938-40d8-9013-145244f8c9e4,5f6065b1-1d35-4091-8fdf-6eef2ebff131,Manicure,26.0,20
7c736a64-89d1-4473-965e-41ea5a347e80,65366952-39e8-4a94-9ca0-86a8534bf59a,Eyebrow Tint,7.0,10
4bc8c24e-7908-450a-b100-535c03ba9fda,2d5d95e2-64a4-4b8d-9ded-74bd78c6959f,Skin Peel,60.0,60
dad718a6-81cc-46e5-956e-1b2002c3fc8e,1d971c15-9ddd-4b38-9740-b800479d9223,Luxury Tri-Active Facial,35.0,30
df62e227-4cc8-43e5-856b-00c10de0d2b3,c09c2011-f62e-4fea-9559-ae8b2b3f48f2,Pedicure,46.0,40
64a4b622-12ed-482d-9699-40637754854f,c09c2011-f62e-4fea-9559-ae8b2b3f48f2,Full Head Colour,85.0,80
75602eee-dd92-48b3-b15e-f2effac7376f,c09c2011-f62e-4fea-9559-ae8b2b3f48f2,Manicure,26.0,20
0627a3cd-e177-47c9-8629-efa8044e4d0d,d290ec4f-33f6-4362-862c-0fc867717fe8,Leg Wax,40.0,40
90e3b758-80b3-4b7e-8a91-aed6702a9ba9,d290ec4f-33f6-4362-862c-0fc867717fe8,Scalp Massage,21.0,20
a3ba692f-8510-4396-b07d-b816888b0faf,2a531024-5e83-4f64-8122-886faa831d46,Eyebrow Tint,7.0,10
418ac2b4-0573-4253-99e3-c0d8ee4c2b46,9e5245c6-8d54-4b97-9997-93c7ac1b8b83,Eyebrow Wax,15.0,15
7abf3f4b-5394-4f38-bf00-37f5074ebd10,9e5245c6-8d54-4b97-9997-93c7ac1b8b83,Eyebrow Wax,15.0,15
862e4ff2-9eea-4373-a768-209074ea749b,9e5245c6-8d54-4b97-9997-93c7ac1b8b83,Spray Tan,18.0,20
1bd8caaf-45e2-43da-9407-6753f5586a97,7a442474-e93e-4eff-9fb8-1febbbf50e15,Spray Tan,18.0,20
cf8a833e-6518-49bc-8886-af1dba2eee38,69c991dc-2a63-45f6-9834-c1a833b551e4,Luxury Tri-Active Facial,35.0,30
62e85cd0-70b4-48d4-87d6-5c34a30c94ac,89ae9633-38ba-484d-8952-7fd95ef7c071,Leg Wax,40.0,40
cb34ea7d-99ba-40cc-bd9e-a41d3ee0fd00,89ae9633-38ba-484d-8952-7fd95ef7c071,Full Head Colour,85.0,80
07e71278-400e-4403-8311-0cf7f83b8529,f8b1bfee-367f-4db1-aaae-4cbf37b1f744,Pedicure,46.0,40
21a4d051-10c4-4777-8b0a-e502c1448767,77cb0dba-69ca-4838-be2d-dcc92d1cfc43,Leg Wax,40.0,40
b6341f06-c598-4cfa-aaa6-dd9772080b6d,77cb0dba-69ca-4838-be2d-dcc92d1cfc43,Skin Peel,60.0,60
de25f89f-08b9-4779-bdfa-ca9d2bd4f3a0,77cb0dba-69ca-4838-be2d-dcc92d1cfc43,Leg Wax,40.0,40
8513a4cf-210b-4c6c-8595-9f1858d89c41,58d87032-7516-4be7-9973-bc00dd5af863,Eyebrow Wax,15.0,15
17faa7cf-d4ec-4eb3-a752-e675c8dae5a2,9176251e-2a01-4ee8-8f39-bb9303445a52,Manicure,26.0,20
4dfcb67f-e6a1-4e42-a711-964d23ba2d05,9176251e-2a01-4ee8-8f39-bb9303445a52,Full Head Colour,85.0,80
8dcb0236-e5bf-4be7-b1d7-15f397f5449f,9176251e-2a01-4ee8-8f39-bb9303445a52,Eyebrow Tint,7.0,10
122bad21-f72d-4347-8e85-fbe1a3086c26,380b5bc1-6c97-4f55-b7b1-8e725ac0b7d9,Luxury Tri-Active Facial,35.0,30
2e1e1097-1b8c-426e-85ca-f6edc25e7219,380b5bc1-6c97-4f55-b7b1-8e725ac0b7d9,Full Head Colour,85.0,80
cf555f67-1935-4d2b-b3c0-e0dd8cb136d8,0af33b21-ce7c-4515-8959-e240aa67cdb5,Cut & Style,28.0,30
047c0621-594d-4cf1-9729-7b2add0898ed,0af33b21-ce7c-4515-8959-e240aa67cdb5,Scalp Massage,21.0,20
2367de0c-c254-48f8-bd78-64f5942cac58,02869a92-e698-4e60-9026-608c87a6b6b4,Pedicure,46.0,40
6e76a0d8-fb39-40d6-a1fa-f50573442ed2,343b1028-6757-4d2d-9268-c8e6c3ef69a1,Luxury Tri-Active Facial,35.0,30
05b654db-d3e2-478c-a36d-f96006f1663e,343b1028-6757-4d2d-9268-c8e6c3ef69a1,Scalp Massage,21.0,20
435c6dd2-48be-479b-af20-a5ed64eefe3e,7e2db5f4-60bc-4549-ac8a-d9b6dcc3072d,Skin Peel,60.0,60
d6712f7a-6ea4-4687-aec9-c77d98e93cb8,7e2db5f4-60bc-4549-ac8a-d9b6dcc3072d,Cut & Style,28.0,30
288dde3c-c906-4d45-8ca6-0feee0c302d1,f41caa74-c91b-4c2b-a07c-ce4907168900,Cut & Style,28.0,30
7f37fdb0-7c9f-4b09-ab31-e2920e9c7013,f41caa74-c91b-4c2b-a07c-ce4907168900,Eyebrow Tint,7.0,10
267696f9-2cc2-4193-87bf-0284569a62ce,3aaa7cf8-0691-4257-8e93-173216343162,Pedicure,46.0,40
1e8d2f2e-fa2d-4e22-9855-a5f40f9cc7b1,3aaa7cf8-0691-4257-8e93-173216343162,Eyebrow Tint,7.0,10
856ea6be-b242-43a6-aeb2-f154edb31baa,bf364185-ee76-48c4-90dc-6700a4071ad1,Spray Tan,18.0,20
2b3e7052-4f64-42b0-9731-2de17297d816,bf364185-ee76-48c4-90dc-6700a4071ad1,Pedicure,46.0,40
58cebb2d-8b03-4970-990b-9b7e3c478393,bf364185-ee76-48c4-90dc-6700a4071ad1,Eyebrow Tint,7.0,10
4f0cb218-3a1e-4fb2-938a-46f2d8ee4fbf,61d5863b-44fa-40ff-a7b0-70a7bda579a2,Skin Peel,60.0,60
40e78721-3292-4d02-bab7-478cfd220754,61d5863b-44fa-40ff-a7b0-70a7bda579a2,Full Head Colour,85.0,80
771684f9-15b9-4624-be4c-69592429d039,2cb33634-2509-4e24-9fe9-03a0238b247b,Pedicure,46.0,40
0b273219-7b0c-4c21-893a-5912f5a6f4c9,8926773c-ea35-4314-880f-682ff8501cf9,Blowdry,20.0,20
6947ae5c-60f0-4025-ae1e-388cba0ae49c,8926773c-ea35-4314-880f-682ff8501cf9,Scalp Massage,21.0,20
5aeef91b-b3e2-490b-8312-cc6db1416060,7f239165-37f4-49c7-b8b4-d19d506b6448,Luxury Tri-Active Facial,35.0,30
bca2b7ae-a899-4403-bb5c-c24f88f8856c,7f239165-37f4-49c7-b8b4-d19d506b6448,Spray Tan,18.0,20
91ef0744-05c7-4de7-8b09-75accc13f201,85132a85-206e-424f-8953-b5f564b19688,Eyebrow Wax,15.0,15
20139e5c-ebea-408c-8fb1-da4e801fc27d,00906efb-7350-49cc-b13e-a760c9917c50,Full Head Colour,85.0,80
454528b6-08b8-4832-beab-64708bb6f22f,00906efb-7350-49cc-b13e-a760c9917c50,Eyebrow Wax,15.0,15
fc7c3eef-4d1f-4407-8c0b-87bcd12ec28c,00906efb-7350-49cc-b13e-a760c9917c50,Cut & Style,28.0,30
51572a50-d488-4296-b94d-ec3570ff1697,6627cf93-f163-44fb-8657-427332330a64,Full Head Colour,85.0,80
471ca68a-3d3b-4027-9e49-d77450d5cc3a,6627cf93-f163-44fb-8657-427332330a64,Leg Wax,40.0,40
2e19ddba-8428-4db1-8278-7c7eaa403b2a,46ca1890-d757-4067-8509-39db48ebbd91,Blowdry,20.0,20
f7359e1a-242a-456f-b334-93678be185ac,46ca1890-d757-4067-8509-39db48ebbd91,Skin Peel,60.0,60
ce97000e-e32a-4b95-8ced-27dea481599f,46ca1890-d757-4067-8509-39db48ebbd91,Luxury Tri-Active Facial,35.0,30
c8fe9c1a-02ec-4c95-9314-233b84c791b9,5f564527-4268-42e8-bf8c-efdeed9f5cd6,Leg Wax,40.0,40
c41cefa1-2763-4804-aca7-9f8cb5c87ab0,5f564527-4268-42e8-bf8c-efdeed9f5cd6,Spray Tan,18.0,20
791bde81-911e-400b-9dcb-e88d109a4574,c2329081-f452-42c5-8f58-bd5630d5eb35,Luxury Tri-Active Facial,35.0,30
986c65d1-6e0a-4814-be69-c975a33f22ed,c2329081-f452-42c5-8f58-bd5630d5eb35,Pedicure,46.0,40
13315961-a1bc-4f4f-a897-ad3a9063ccb7,ecce9e80-8913-4a3e-b15b-fab48d564bfc,Manicure,26.0,20
296d632f-8b51-4d4a-8e94-ece2937589e5,1af20c4e-e372-4285-a08d-09b037f775f4,Pedicure,46.0,40
17a7ee0a-b4d9-4c6e-9e1e-f7367e01864e,1af20c4e-e372-4285-a08d-09b037f775f4,Skin Peel,60.0,60
9efbe448-99da-475d-aa78-e112e08842ed,1af20c4e-e372-4285-a08d-09b037f775f4,Leg Wax,40.0,40
d373b0f2-aeaa-4cd1-a90c-aed383e89640,f10ec22e-f343-49b5-9001-07b9f53c9890,Pedicure,46.0,40
5194e08b-c067-4ef4-88a1-ac7fc7fa860e,02c3a674-de17-4fb8-b3ad-732a6af4b04c,Pedicure,46.0,40
3838d1be-fca8-4075-a95f-ad8bf9b51ec3,02c3a674-de17-4fb8-b3ad-732a6af4b04c,Spray Tan,18.0,20
a0eaf7ef-efca-4f60-a109-5f6ba1c08ddd,ef1e649c-e7b2-496f-82a1-38294f81d8de,Blowdry,20.0,20
ab857381-c0f3-4980-ba78-f452751efc4b,ef1e649c-e7b2-496f-82a1-38294f81d8de,Pedicure,46.0,40
ed729538-0e32-4279-952f-3fc3f101618e,ef1e649c-e7b2-496f-82a1-38294f81d8de,Blowdry,20.0,20
5023b301-173f-41bc-9f69-743edfb33643,f9acfc07-2c45-4ed4-9203-5eb81790fd65,Leg Wax,40.0,40
63cf0a44-9ae3-494a-9c2f-d1835193c9e4,f9acfc07-2c45-4ed4-9203-5eb81790fd65,Eyebrow Tint,7.0,10
bf706ce5-9e5f-4323-8da3-20f601e0664d,bf676cf1-9437-4747-bb9f-690783939fb1,Leg Wax,40.0,40
95fdad40-4396-47fc-b349-ba44181d39c5,bf676cf1-9437-4747-bb9f-690783939fb1,Blowdry,20.0,20
93aeaa5f-f76e-4c8f-9932-5d693e82f841,89f63a01-74b1-4ece-951a-43190bacd4d8,Leg Wax,40.0,40
c8169ee7-1bce-485c-b5d4-a32caab4fa0b,89f63a01-74b1-4ece-951a-43190bacd4d8,Pedicure,46.0,40
120dfe4d-36ba-4b89-8af6-df15550d658c,e6907e93-5104-429f-8191-982c5ccad295,Eyebrow Tint,7.0,10
2a2d5da7-9731-48a8-a3f1-e49b267f05d5,e6907e93-5104-429f-8191-982c5ccad295,Cut & Style,28.0,30
63b247ce-d7d1-4adb-b49d-d9f3de5efd09,e6907e93-5104-429f-8191-982c5ccad295,Cut & Style,28.0,30
b90339e0-eb7c-4faa-95a4-d550883627a3,8c3d4f68-fca2-4cc8-90a5-8b867bda944f,Luxury Tri-Active Facial,35.0,30
07354ca6-040a-44a0-8b6d-53627039477e,cefa1ae6-59c3-4465-8018-eb0887495a6d,Skin Peel,60.0,60
18eedb48-0aa7-4849-b02a-a8348822d2ec,cefa1ae6-59c3-4465-8018-eb0887495a6d,Eyebrow Tint,7.0,10
190bd027-5f34-4436-9489-b076f32ad0d3,29e32809-0f5d-428c-862a-fd479ccd8f83,Scalp Massage,21.0,20
47a4f05e-5962-408e-aa46-561f5f9aa8a8,29e32809-0f5d-428c-862a-fd479ccd8f83,Pedicure,46.0,40
0e996e7b-656f-45e5-8c25-57f0dea2d832,29e32809-0f5d-428c-862a-fd479ccd8f83,Leg Wax,40.0,40
0701425f-baab-40fb-87c9-5f512d3184c3,0d096c4a-c72b-4f10-8ff7-adff0f470e90,Luxury Tri-Active Facial,35.0,30
dd43a3dc-1e65-43a1-884b-45c7b7086108,0d096c4a-c72b-4f10-8ff7-adff0f470e90,Leg Wax,40.0,40
cb081207-a50f-4b10-b3b0-ee59ff216f29,0d096c4a-c72b-4f10-8ff7-adff0f470e90,Eyebrow Tint,7.0,10
03f74944-8316-43e1-ba07-e886ee3c20bc,7103917c-32ea-42bd-8754-46afb0c10d73,Scalp Massage,21.0,20
9b49691f-ba51-4a0e-9c37-57178c421383,7103917c-32ea-42bd-8754-46afb0c10d73,Luxury Tri-Active Facial,35.0,30
f2760c95-cd53-43d7-a13c-ecdb16270951,df8d4cdf-576e-41f1-ace2-b27cc3283cb4,Eyebrow Tint,7.0,10
33184009-1168-49e0-acb6-990432e3103e,8037088e-a9ad-4a71-95b4-d0ce3e088c15,Leg Wax,40.0,40
be1e5c00-7633-4056-8d45-676deba97761,8037088e-a9ad-4a71-95b4-d0ce3e088c15,Cut & Style,28.0,30
868fe803-6a9e-4f1a-8239-602220c16b76,8037088e-a9ad-4a71-95b4-d0ce3e088c15,Manicure,26.0,20
2855b6ed-a9e9-4acb-a735-25527b99d013,cd4a221b-1819-49fb-ab5c-54554b0f6933,Cut & Style,28.0,30
133bbc29-7794-4b81-b38b-74b3cd43b1ea,cd4a221b-1819-49fb-ab5c-54554b0f6933,Spray Tan,18.0,20
a3eb6cae-c763-4290-8afa-657db2aaca87,8004ac64-f428-4561-82e8-436bcb918bf2,Luxury Tri-Active Facial,35.0,30
9d18d9c5-79ef-4111-95c8-c46c028b34b2,997c12f1-ba1b-4f7c-aaca-d08a1c90f41c,Pedicure,46.0,40
62f13eb7-2392-43d4-97fd-e92c10702842,997c12f1-ba1b-4f7c-aaca-d08a1c90f41c,Eyebrow Tint,7.0,10
85559f0d-6972-45b4-b796-2c2b7b286d95,997c12f1-ba1b-4f7c-aaca-d08a1c90f41c,Cut & Style,28.0,30
a5534117-feee-4c13-a238-bb76a19bf22d,67ce894a-9625-4ab7-8b91-17d83fb3fd10,Pedicure,46.0,40
65039a46-17f0-479f-9898-a178a066499d,67ce894a-9625-4ab7-8b91-17d83fb3fd10,Spray Tan,18.0,20
25675db1-f24a-404a-8934-38cb2f70265a,67ce894a-9625-4ab7-8b91-17d83fb3fd10,Luxury Tri-Active Facial,35.0,30
2713f5ec-e8c7-4892-8646-44c810c14b37,67ebe503-3fde-4d91-aba3-45900687dd7c,Eyebrow Tint,7.0,10
86535448-fc4e-45a9-b12f-750aef52872c,67ebe503-3fde-4d91-aba3-45900687dd7c,Full Head Colour,85.0,80
cfb48b46-0830-48a0-b140-0aba553b05c4,3d0a82a4-9315-485c-bd1c-f9655ef214a7,Eyebrow Tint,7.0,10
3ac7a39f-5d28-4357-a3fe-6175580c5cc8,3d0a82a4-9315-485c-bd1c-f9655ef214a7,Skin Peel,60.0,60
54c27aa1-1993-4641-80ef-7f014c46e37b,fd70141b-c7df-43e6-85b7-b5e8d122a24a,Cut & Style,28.0,30
6fa5d61f-5f51-4084-a223-10c5865788af,fd70141b-c7df-43e6-85b7-b5e8d122a24a,Luxury Tri-Active Facial,35.0,30
fab33342-34e1-4ac5-88bd-9bef4297fbe5,fd70141b-c7df-43e6-85b7-b5e8d122a24a,Cut & Style,28.0,30
41dacfeb-e80b-4f38-9f54-46acd31c93b8,a68c6197-5c0e-4ef8-8158-be75330605af,Pedicure,46.0,40
fc604448-9c11-482d-bfea-1916ab4a10f6,487a95ac-07fe-4d38-bfaa-5529da098fd5,Full Head Colour,85.0,80
2be1243c-8e8e-4787-89e9-e4d25fdc4920,487a95ac-07fe-4d38-bfaa-5529da098fd5,Full Head Colour,85.0,80
972a27a9-05bc-48aa-8f50-786df86c4b48,487a95ac-07fe-4d38-bfaa-5529da098fd5,Eyebrow Tint,7.0,10
4dcf27c0-346e-41ce-900a-64413ee28d25,cc2185ef-374d-4d54-a84f-8a39cc15424c,Blowdry,20.0,20
46c68f61-d143-45eb-aa49-f29550fff390,26dbe970-d048-47b3-b988-095af31dea99,Full Head Colour,85.0,80
5c5aa41c-ac11-4088-8948-a6112398bf37,26dbe970-d048-47b3-b988-095af31dea99,Cut & Style,28.0,30
733a2c43-9141-496a-8cba-e672af8dc8f5,a97e7b0a-66df-4e70-991b-52e4e4cb9958,Pedicure,46.0,40
96091adb-b797-4e57-aa6f-83a9fa45bf9b,a97e7b0a-66df-4e70-991b-52e4e4cb9958,Full Head Colour,85.0,80
ea3247be-8113-4a10-b6ce-1fc8766a4ad9,31d265bb-042b-4994-a9c5-0397fcd21da9,Luxury Tri-Active Facial,35.0,30
f7ff7358-dcbc-44e1-b313-a9c6e602d9f8,e6c919e2-e6cc-4e38-b589-272fb87ebf02,Eyebrow Tint,7.0,10
bef86e32-b712-4e37-aa4c-67a38cd02aca,083f5979-0874-4f45-861f-65e87f86c426,Luxury Tri-Active Facial,35.0,30
3ee41e2f-5d63-4cbf-a810-9201c3fbfd2f,083f5979-0874-4f45-861f-65e87f86c426,Pedicure,46.0,40
a372ad79-f788-4f76-ae29-83653f6d5cc0,ec008f31-0419-449c-94ae-0da10ef62179,Leg Wax,40.0,40
94ac3094-c174-4abb-be48-3ff8595186d8,ec008f31-0419-449c-94ae-0da10ef62179,Full Head Colour,85.0,80
67869048-564a-438c-ad96-c4de6c7b2d1b,ec008f31-0419-449c-94ae-0da10ef62179,Leg Wax,40.0,40
3970807c-ca62-4808-a038-80856a401bb7,a431711e-c01c-437f-8f00-2c5199d30ed9,Eyebrow Wax,15.0,15
67a99e63-3274-47e4-9614-e99f60a6e436,a431711e-c01c-437f-8f00-2c5199d30ed9,Full Head Colour,85.0,80
2ca8f8a8-ddc6-4bfb-900d-455424a6228d,5ad474bc-ee1b-48c3-9fae-15efc8f0e760,Full Head Colour,85.0,80
b7716c9d-279e-42f8-93bd-0915be751879,5ad474bc-ee1b-48c3-9fae-15efc8f0e760,Leg Wax,40.0,40
012bbf8c-1a41-4118-bc98-5d1b455cb7d3,fee628f7-9080-4b47-bfd6-8420dcd7c881,Luxury Tri-Active Facial,35.0,30
bc1ca254-3d32-4bf4-8b34-6d46d1a5f0e7,fee628f7-9080-4b47-bfd6-8420dcd7c881,Cut & Style,28.0,30
b38c54ce-17f7-4fe7-a4b4-e30cc4988032,7babb248-d6c1-4f28-bdef-e25c81fa4260,Leg Wax,40.0,40
3367b11a-ef7c-46b6-a9db-fa053cf80a99,7babb248-d6c1-4f28-bdef-e25c81fa4260,Spray Tan,18.0,20
8e88c8bd-74a7-4f51-b808-01d311fc4a64,8509d66c-67d9-44f7-b3b7-5b1e49df2b42,Full Head Colour,85.0,80
edbd31ef-db2a-4541-a892-09c9579eedf6,22837ff7-3039-4275-ae30-7e1a80f8e838,Pedicure,46.0,40
a070dc26-b0b1-4c43-bed6-27fac4289264,22837ff7-3039-4275-ae30-7e1a80f8e838,Full Head Colour,85.0,80
548c98ea-0398-4418-9ccd-a9e75e5bfe0e,12961e6c-2b83-4384-8a21-5b875670e30e,Luxury Tri-Active Facial,35.0,30
0302e125-7369-4998-a63d-0b82bf5f78ee,12961e6c-2b83-4384-8a21-5b875670e30e,Skin Peel,60.0,60
4d990026-3f00-4ca6-b227-dc08ab9034f8,12961e6c-2b83-4384-8a21-5b875670e30e,Blowdry,20.0,20
cae926d6-c053-4d75-ada9-72b66e2ef20f,32e32af1-86dd-4e23-ac55-faecd4d821ad,Leg Wax,40.0,40
c0fd36d9-8400-4380-b2f9-735e47c710e1,32e32af1-86dd-4e23-ac55-faecd4d821ad,Luxury Tri-Active Facial,35.0,30
dba57a79-20ba-4c13-9189-4d1f9ceb168b,301bc5dd-130c-459b-8300-caad00b99357,Leg Wax,40.0,40
1150993d-cb5e-4c2b-8f56-de8bf7477fe5,eca8a440-d42b-4bac-9151-9f1b72b2e5fd,Eyebrow Wax,15.0,15
9f1de967-542c-4350-8e91-f6b07182f59b,eca8a440-d42b-4bac-9151-9f1b72b2e5fd,Luxury Tri-Active Facial,35.0,30
475f9af8-a573-4799-9444-99130e7715bd,9c5833ea-3b3f-4f50-9807-6a7db4c8ca54,Manicure,26.0,20
451a06df-cf8c-410b-a78f-7ef2c9f51118,9c5833ea-3b3f-4f50-9807-6a7db4c8ca54,Luxury Tri-Active Facial,35.0,30
b35a2d72-b49c-4cda-bc2b-74288f1473c7,9c5833ea-3b3f-4f50-9807-6a7db4c8ca54,Full Head Colour,85.0,80
1c8bfcbe-666f-4ecc-9edb-b2ca0779c2e0,03ec2fa4-ea5a-47eb-a2cc-c91a146e7729,Cut & Style,28.0,30
b6c9bc8b-d413-48ca-94a7-40659d8efec5,03ec2fa4-ea5a-47eb-a2cc-c91a146e7729,Eyebrow Wax,15.0,15
8ca33276-fa92-4336-b664-a31be3f998db,fe2939c8-55a4-4e26-8004-ad2338db3e57,Full Head Colour,85.0,80
b4759e52-fca9-41bb-b358-ffa710470e4d,01f9cfbb-b2c9-4412-aa61-28a418a10cc4,Eyebrow Wax,15.0,15
6b5ed8ab-3de9-4ffa-b5cf-0765835625ba,01f9cfbb-b2c9-4412-aa61-28a418a10cc4,Luxury Tri-Active Facial,35.0,30
6a9e3db7-5f0f-400c-a32e-8e6ea75d1a34,01f9cfbb-b2c9-4412-aa61-28a418a10cc4,Eyebrow Wax,15.0,15
66b2c178-0331-4a33-b6bf-2a4361e922ed,37a59817-4668-4d96-af73-4085bb93bdd9,Spray Tan,18.0,20
7100efb5-79ec-426e-ba23-ea16987f0672,6f7bb5b3-bfa0-4164-8f70-10c3690ce1e6,Pedicure,46.0,40
7b4e7e85-6b7e-4b69-998a-bdabdb3e71fd,6f7bb5b3-bfa0-4164-8f70-10c3690ce1e6,Spray Tan,18.0,20
0311da0e-081c-421e-91bf-0c49507a8dc8,6f7bb5b3-bfa0-4164-8f70-10c3690ce1e6,Eyebrow Tint,7.0,10
a6d05612-49eb-4169-b951-3c667966bac2,b5ba9288-2bc4-4fb0-a792-6b76ac1ebea0,Pedicure,46.0,40
0575ea39-57e5-4d21-af0d-445aee335d49,b5ba9288-2bc4-4fb0-a792-6b76ac1ebea0,Eyebrow Tint,7.0,10
7e04cc9a-c53c-4094-a34c-c1f25bd8d2f3,b5ba9288-2bc4-4fb0-a792-6b76ac1ebea0,Blowdry,20.0,20
d6ccd936-2998-42bb-a9f9-03b2c308ebc1,0239c076-3b2e-406c-8b1d-9900dcbcade0,Skin Peel,60.0,60
218be21a-aab9-488c-861f-e8cb60952956,0239c076-3b2e-406c-8b1d-9900dcbcade0,Scalp Massage,21.0,20
ad1d9ef1-28c9-453b-96e9-1b2ae4a65d33,0239c076-3b2e-406c-8b1d-9900dcbcade0,Skin Peel,60.0,60
dd0d84e3-f074-4267-b366-43a1b864a663,5cb00325-7eb1-4cb4-a22d-2174b9982719,Pedicure,46.0,40
6d8638fa-e02c-4289-bcf6-41cfaf2c0182,5cb00325-7eb1-4cb4-a22d-2174b9982719,Luxury Tri-Active Facial,35.0,30
8cfbe63d-5bc5-4570-8109-d51828ce08aa,5cb00325-7eb1-4cb4-a22d-2174b9982719,Full Head Colour,85.0,80
35a08c9f-f767-4436-8118-5cff2abec728,5919c48b-09f4-43a7-9485-173775bc711e,Skin Peel,60.0,60
82b80914-6c7f-4c71-97ef-40f2f706e87d,5919c48b-09f4-43a7-9485-173775bc711e,Eyebrow Tint,7.0,10
e8c9b591-34e9-407c-88ec-6e83769d2547,5919c48b-09f4-43a7-9485-173775bc711e,Skin Peel,60.0,60
584934ac-70af-4d52-b26b-8e14adbe0662,e730abe9-a014-4381-a78b-db47ccf4cfb5,Eyebrow Tint,7.0,10
66839c03-c209-46de-998c-f3eea607d4d5,e730abe9-a014-4381-a78b-db47ccf4cfb5,Eyebrow Wax,15.0,15
0ad7102d-8649-46ab-b463-5ad5c16a7699,1d451e3c-6721-412f-a914-691a2bcd0189,Full Head Colour,85.0,80
b3d238e4-5f4d-438c-af20-b3d24e2e1912,1d451e3c-6721-412f-a914-691a2bcd0189,Full Head Colour,85.0,80
36e8f871-e844-46e4-9bf6-6a0c6cad145c,d7b69f81-163b-4cf1-bfac-c51c6074fead,Blowdry,20.0,20
687db80a-acbc-47b2-9584-8e30c27811cc,d7b69f81-163b-4cf1-bfac-c51c6074fead,Scalp Massage,21.0,20
54b5ef5a-3722-4a72-967d-79ef597f1bcc,5f187767-8b2d-4e17-9dab-08b2b5e99b9e,Pedicure,46.0,40
b1d07332-d0e0-421b-8b4e-e0ec21aabb2f,5f187767-8b2d-4e17-9dab-08b2b5e99b9e,Manicure,26.0,20
70f7ea28-3cf7-4c2b-89f9-4ac81ad579b3,5f187767-8b2d-4e17-9dab-08b2b5e99b9e,Pedicure,46.0,40
27088b16-55ae-4e7f-bdbf-0de578e431a7,a659bdd1-cd79-473a-aff4-a20c5760748d,Blowdry,20.0,20
b5cd5207-ef20-461d-a78f-f645dd87abe7,4ba989c0-1b9c-439b-a333-d1fa377dd4d9,Scalp Massage,21.0,20
4c6ff724-077e-4f06-80f4-a8dfe47c4c95,4ba989c0-1b9c-439b-a333-d1fa377dd4d9,Eyebrow Wax,15.0,15
f4048d35-8517-41ac-b018-1a94d89a5b57,4ba989c0-1b9c-439b-a333-d1fa377dd4d9,Spray Tan,18.0,20
b56d3f47-45c8-43eb-9692-304ac3fb1bc4,f3b44134-01b2-4389-9280-22f1919b376a,Pedicure,46.0,40
a0784a9f-b3a7-4d82-b5e3-67f66b43594a,f3b44134-01b2-4389-9280-22f1919b376a,Cut & Style,28.0,30
56dbc161-2a4d-4c84-a9c4-f5eae29b2a2b,2a9c4af3-f0cd-44a4-92a9-9880db07cea8,Full Head Colour,85.0,80
7a472d37-278c-4501-93e8-97d713c07a63,2a9c4af3-f0cd-44a4-92a9-9880db07cea8,Eyebrow Tint,7.0,10
b55ec83e-91b2-4710-9faf-5a060f1f7bd0,465bbe21-9b57-4a97-8aa1-fcad5116364c,Scalp Massage,21.0,20
f2c88067-011f-425c-97da-5a71d66ba3a0,465bbe21-9b57-4a97-8aa1-fcad5116364c,Blowdry,20.0,20
26df4914-a52d-4b2d-a287-6b7b8a44b419,fb07e619-0deb-4773-af7f-944f5c7df3ba,Full Head Colour,85.0,80
06b81b2f-8802-4319-bdfa-a14e25bc8605,fb07e619-0deb-4773-af7f-944f5c7df3ba,Leg Wax,40.0,40
22492c86-f71c-45f3-b5d8-2f266b74d077,fa7b2756-edfc-4d4d-b1cd-4a738650aba3,Leg Wax,40.0,40
43185451-b961-4b7d-9665-e30a459ee480,fa7b2756-edfc-4d4d-b1cd-4a738650aba3,Skin Peel,60.0,60
1865383b-2c76-4d61-a533-04c2293d7337,fa7b2756-edfc-4d4d-b1cd-4a738650aba3,Eyebrow Wax,15.0,15
9907559f-06a4-4618-a7ab-7b06673f5215,f93d9d0f-03a3-41b1-88d8-9e06fbedcba9,Leg Wax,40.0,40
659532e2-5a64-4e3e-add3-9392cfb8e45d,f93d9d0f-03a3-41b1-88d8-9e06fbedcba9,Full Head Colour,85.0,80
ab7c953f-1e2d-461f-a6e3-87042bfcf54f,f93d9d0f-03a3-41b1-88d8-9e06fbedcba9,Spray Tan,18.0,20
ecd303d1-09f5-4c9e-b9f0-15f843da8479,6466dcad-b724-49ad-95db-4a501c2274db,Manicure,26.0,20
1f9b4e87-1e49-413e-904a-a699565b0d29,c95dcd9b-21f1-49e2-9899-5ebde9e2ce2b,Leg Wax,40.0,40
ef50fb92-afd5-412b-a849-8944ff184fef,c95dcd9b-21f1-49e2-9899-5ebde9e2ce2b,Pedicure,46.0,40
e7f8e2f2-8e8a-44b2-a40d-15fafe1ce4c9,c95dcd9b-21f1-49e2-9899-5ebde9e2ce2b,Blowdry,20.0,20
27f1046b-ea23-4cb8-a8d5-d43dba680ce7,455a7699-39b6-48d1-9059-0fe0fbb36cea,Spray Tan,18.0,20
4bc2dee4-feb6-44f8-ada4-7b9881b9f8b4,5a3c503b-7409-462d-ae3d-7741f5927f3b,Spray Tan,18.0,20
5f5f1b39-0e31-4b2f-9d9a-3cdc2dd25944,aa7c9963-fb0a-4161-b659-9ae2b8de4162,Eyebrow Tint,7.0,10
0d38cc14-2738-4cd2-a3d4-61ed880c3fff,aa7c9963-fb0a-4161-b659-9ae2b8de4162,Cut & Style,28.0,30
216bb0d1-83c2-4dfd-a0e2-844e02420b65,aa7c9963-fb0a-4161-b659-9ae2b8de4162,Luxury Tri-Active Facial,35.0,30
2ea077ed-b838-4269-b14f-b8d595763670,c667ca33-d104-4bab-aa64-bccbb8ab5a03,Scalp Massage,21.0,20
63f0a5a1-7f13-4133-b5fd-12d617a82843,c667ca33-d104-4bab-aa64-bccbb8ab5a03,Skin Peel,60.0,60
6152a333-255d-4377-bab6-b316936f9a19,70338f3d-11bf-4c6b-8638-bf4319625eb9,Leg Wax,40.0,40
ed31167e-c004-4054-b966-5db3d3474d0e,70338f3d-11bf-4c6b-8638-bf4319625eb9,Scalp Massage,21.0,20
777e37e5-2d8a-45d2-8ca7-fe1c9a70143a,5efa5a5d-d609-44bf-9190-a05c58b17196,Blowdry,20.0,20
8b2e3a8b-88c1-4fdf-a318-ef2cdf484318,5efa5a5d-d609-44bf-9190-a05c58b17196,Manicure,26.0,20
be4e0f6d-fa92-40e7-9766-76ef9c4ee7b2,5efa5a5d-d609-44bf-9190-a05c58b17196,Luxury Tri-Active Facial,35.0,30
29dd2f57-a021-4f1e-b337-0d2ca4f887ab,559532eb-7194-4810-9712-63b9696bb268,Eyebrow Tint,7.0,10
92e5e702-aadd-475d-9e7b-93897176fe50,559532eb-7194-4810-9712-63b9696bb268,Blowdry,20.0,20
eec4e4b2-9b5d-434a-a78f-d748fe8624a1,559532eb-7194-4810-9712-63b9696bb268,Full Head Colour,85.0,80
35fd52d4-46e3-4d5f-bcc2-345dc679eecb,b982c985-19ff-42cb-aa8a-1c946efa305d,Pedicure,46.0,40
8e2bbc1f-35a7-43b2-b1b7-4b5603a5ff3a,785d81ca-46f0-44e7-9e81-1c623739fbc9,Eyebrow Tint,7.0,10
f7c86c88-d7cb-4321-9a64-ba8ba16852ad,785d81ca-46f0-44e7-9e81-1c623739fbc9,Full Head Colour,85.0,80
b0356877-f84e-48db-86fe-46f334866f5f,84a5c857-0b38-41e0-9ce3-4db085a94059,Blowdry,20.0,20
c8121e93-840c-4e94-ad94-5b87a7e1372a,84a5c857-0b38-41e0-9ce3-4db085a94059,Eyebrow Wax,15.0,15
4ead3434-fa5b-4446-a476-a9b174d417b0,7c021e9e-cc60-435e-9ea7-84b806155bea,Eyebrow Wax,15.0,15
777593f0-c741-474c-ba3b-434bee774253,7c021e9e-cc60-435e-9ea7-84b806155bea,Scalp Massage,21.0,20
952b4f2b-38e8-4bc3-b6c7-054f719f98f3,7c021e9e-cc60-435e-9ea7-84b806155bea,Luxury Tri-Active Facial,35.0,30
f8d75517-2d88-4110-8beb-a94f5979f7e8,6c00458f-2352-492c-953a-e488df636713,Eyebrow Tint,7.0,10
8d17c513-7082-40f7-a871-4b9b8da3f056,46f72211-adee-46bd-98b9-cb1973a2987d,Leg Wax,40.0,40
9f74cab3-a7cc-408d-b3fd-7ce83e6af0f8,46f72211-adee-46bd-98b9-cb1973a2987d,Skin Peel,60.0,60
49d9de1c-fafa-44fc-ba52-9556250f5f05,46cab920-4d68-4bf5-8435-7592f1cf0bfc,Luxury Tri-Active Facial,35.0,30
5124382a-9f6f-476e-a03e-f64e64f4d239,46cab920-4d68-4bf5-8435-7592f1cf0bfc,Pedicure,46.0,40
57b8b1a1-927c-4811-aa22-cb6dd6f937b2,46cab920-4d68-4bf5-8435-7592f1cf0bfc,Leg Wax,40.0,40
8ebbf37f-c97a-4c09-93bc-3b700884c0f7,5654e763-0081-4fa5-9d79-329e9fcd9057,Full Head Colour,85.0,80
9a26d0d8-675a-41b3-86fe-b959333e47fd,5654e763-0081-4fa5-9d79-329e9fcd9057,Leg Wax,40.0,40
ac0992c9-f3a9-4e02-bac9-afd8a89bf6a5,9a96c4ab-0b4a-4cb5-90cd-6e169839f562,Scalp Massage,21.0,20
91f8b959-041f-4fbf-9a90-9a3394dbd50f,9a96c4ab-0b4a-4cb5-90cd-6e169839f562,Manicure,26.0,20
b4154929-86bf-4613-ab91-dcc95bcf8e84,cec7f02d-2452-429b-9b2a-3132e0c7f708,Eyebrow Tint,7.0,10
f9a16182-b90c-46b4-857d-5fae17d974b9,cec7f02d-2452-429b-9b2a-3132e0c7f708,Manicure,26.0,20
8105cf51-9921-457c-b1da-5123718731e3,5b4ce60c-749c-4a4b-ad38-97c2a291a57d,Blowdry,20.0,20
be46dcb4-8d48-4253-937b-dfcd36496da9,b5a7d7d3-5f21-4025-a010-3a434ec62829,Skin Peel,60.0,60
e3794ccf-bfec-444e-b04e-11bb60f18e1a,0e6cbd16-baad-475a-b5e9-1c4b5633ce5a,Luxury Tri-Active Facial,35.0,30
46a48184-b904-492b-8adb-aad62f10be16,0e6cbd16-baad-475a-b5e9-1c4b5633ce5a,Leg Wax,40.0,40
725a18ea-1907-42a1-a761-5c291b7aa126,0e6cbd16-baad-475a-b5e9-1c4b5633ce5a,Skin Peel,60.0,60
c5d67065-2df5-4c66-bbb8-38ced6af24bf,41bb8410-2d0c-478c-8269-28e256aeb2ac,Spray Tan,18.0,20
f3097ccc-d817-4c40-ad38-cb52805d7d7b,41bb8410-2d0c-478c-8269-28e256aeb2ac,Luxury Tri-Active Facial,35.0,30
131fd3ec-56c1-4ed5-bc76-3b6f790dcf77,41bb8410-2d0c-478c-8269-28e256aeb2ac,Eyebrow Wax,15.0,15
627bfaeb-d250-4bd1-82e8-ab20effd983d,593d29f7-68ed-4e6a-bdcf-8aed20c29924,Leg Wax,40.0,40
858a77e1-ea46-4624-9669-e059df7b86c6,916ba8b5-6234-4b0f-b979-f4b95669e016,Pedicure,46.0,40
f8f08d86-94f5-4523-b72c-f5330ec61887,916ba8b5-6234-4b0f-b979-f4b95669e016,Scalp Massage,21.0,20
b5693eec-3fde-486b-bebb-75841a269970,916ba8b5-6234-4b0f-b979-f4b95669e016,Luxury Tri-Active Facial,35.0,30
4cc7dcb4-ee3d-44eb-998e-25daac1f7571,990f46cf-f66f-487e-83d5-4cc5806bfecb,Eyebrow Tint,7.0,10
f1783d7e-307c-40da-b55f-33333ac646fd,4c9d5a0d-e243-4868-aea6-603017551285,Leg Wax,40.0,40
f34bddc2-27c0-4127-8a22-0fbcb10a982a,4c9d5a0d-e243-4868-aea6-603017551285,Eyebrow Wax,15.0,15
5e8fcc91-935a-4d9c-90d8-348d08b7ce44,4c9d5a0d-e243-4868-aea6-603017551285,Scalp Massage,21.0,20
94b1b9f5-f3b9-4fe4-89cc-732531baea90,07a461f9-d425-4bd1-ab71-f64996d95582,Spray Tan,18.0,20
ac614d4f-5993-485c-9daa-972ccc1ff50c,07a461f9-d425-4bd1-ab71-f64996d95582,Blowdry,20.0,20
f10b9534-4698-4d2d-a36e-290d0b556836,07a461f9-d425-4bd1-ab71-f64996d95582,Spray Tan,18.0,20
29e5b8ab-624e-4871-9610-3f69b1933e22,9bb74dc0-383f-4e53-9e88-970d8b856dce,Spray Tan,18.0,20
adfdc1e3-9ee0-4488-9ce7-f77c667ca88b,9bb74dc0-383f-4e53-9e88-970d8b856dce,Pedicure,46.0,40
4f50f22f-b55d-47ab-a6d9-f763e484b7b3,d0f8e7b7-3e6c-4edb-a78d-591fda5bbb67,Pedicure,46.0,40
f8b1cee6-2783-4148-b2c8-067be10a3883,d0f8e7b7-3e6c-4edb-a78d-591fda5bbb67,Eyebrow Wax,15.0,15
2898ed00-c843-4264-8cb3-0603a92a71e8,b6570738-5db8-4ccd-9428-c508778c0236,Blowdry,20.0,20
dd0c7e5e-1d10-413b-b3dd-fe1e399c4fe0,b6570738-5db8-4ccd-9428-c508778c0236,Cut & Style,28.0,30
b568ceb2-b407-4665-aad7-c343e130c025,b6570738-5db8-4ccd-9428-c508778c0236,Skin Peel,60.0,60
db6adaa8-593f-4167-b659-69e63aae5107,7737945f-4a59-4695-b3c5-0093985fdd39,Skin Peel,60.0,60
1de5a0cb-d2b2-4cb6-a08e-ce14fd8d2527,4f5b2b32-aafb-454a-82e8-293b890971c1,Eyebrow Wax,15.0,15
b94f4a2e-4b8b-43dd-89b8-03202f4e1b0b,4f5b2b32-aafb-454a-82e8-293b890971c1,Spray Tan,18.0,20
92325c07-dc3e-4438-8543-c9a9ea30d7e3,4f5b2b32-aafb-454a-82e8-293b890971c1,Eyebrow Wax,15.0,15
937bcf09-00d6-4132-b804-3bacfeb5940e,a5e0a200-6284-4919-8a7b-96b8ab03df03,Manicure,26.0,20
901de86a-5c4f-4836-b082-6cd06b9deb63,a5e0a200-6284-4919-8a7b-96b8ab03df03,Luxury Tri-Active Facial,35.0,30
b9713f63-2351-4629-8295-2e1f0d7f3375,a5e0a200-6284-4919-8a7b-96b8ab03df03,Luxury Tri-Active Facial,35.0,30
81b279c1-e24b-4b4c-ac9c-f9b7a47a3d3f,6672ddda-6423-4b9b-abe7-18a699d49716,Pedicure,46.0,40
4a166022-9789-401e-a60e-56099f8cf538,6672ddda-6423-4b9b-abe7-18a699d49716,Eyebrow Wax,15.0,15
7861443f-983b-4bb8-9541-06e70b33278a,6672ddda-6423-4b9b-abe7-18a699d49716,Cut & Style,28.0,30
a0fc5f77-b131-46cf-90ef-b9bbd1261a6a,afc0dc7d-d70a-43f9-9745-7e39335f5ecb,Scalp Massage,21.0,20
ef6e777f-6d33-4137-a781-b1362dfdd149,afc0dc7d-d70a-43f9-9745-7e39335f5ecb,Spray Tan,18.0,20
a077423e-1559-42f4-b633-4b12a7ab6c67,031be410-0bd5-4b2b-bcd6-ae34e4856b9c,Manicure,26.0,20
a9deca01-576a-45b8-a8e0-16e852f6862f,031be410-0bd5-4b2b-bcd6-ae34e4856b9c,Scalp Massage,21.0,20
499053d6-f3d7-4b68-b1d0-b8669bee1fc6,031be410-0bd5-4b2b-bcd6-ae34e4856b9c,Cut & Style,28.0,30
ed2e7635-5e25-4512-b7e5-aa598a476adf,2e97d50b-b46a-4c29-b793-1640814f89ef,Blowdry,20.0,20
53b503c1-ef03-4298-aa4e-ad3498276992,f2fd2f74-a81d-460a-8227-65b3feeb5198,Spray Tan,18.0,20
628135d5-a2a1-4e86-b52d-98d104981738,f2fd2f74-a81d-460a-8227-65b3feeb5198,Eyebrow Wax,15.0,15
776e915a-4d07-410e-a764-426e6366e804,f2fd2f74-a81d-460a-8227-65b3feeb5198,Blowdry,20.0,20
ca9a1c28-b5de-4198-9a06-5fd7cd664c96,093b4962-e574-4c0f-a30d-655147352970,Blowdry,20.0,20
43540eb7-e1fe-4b0f-83da-ab9d51ba459a,093b4962-e574-4c0f-a30d-655147352970,Pedicure,46.0,40
4bcfcb33-f9fe-439d-9e9f-3cbcae0085f4,093b4962-e574-4c0f-a30d-655147352970,Blowdry,20.0,20
3e63940d-c126-4a96-8c22-7f5e1eb87542,642906e5-454a-4b05-87cd-6a72b1c92d98,Spray Tan,18.0,20
6442465a-b4c1-47a6-9e57-fc88034347dd,642906e5-454a-4b05-87cd-6a72b1c92d98,Full Head Colour,85.0,80
22083f48-369e-4878-8282-fb43fa4e17cf,642906e5-454a-4b05-87cd-6a72b1c92d98,Luxury Tri-Active Facial,35.0,30
fd4ebc24-b286-4a2e-b8d0-432ddcb49590,d71572e2-e622-4216-8e60-16997e6f1e10,Pedicure,46.0,40
49d047bd-f7f8-4c0c-a1a0-12019c224e75,d71572e2-e622-4216-8e60-16997e6f1e10,Cut & Style,28.0,30
e61b1e7e-f8f4-495f-804e-489aa76e189d,d71572e2-e622-4216-8e60-16997e6f1e10,Scalp Massage,21.0,20
3fe80a75-7052-4026-a028-51daa76e7aa6,2ecb9a77-ba06-4443-9d73-338e1171ac2e,Spray Tan,18.0,20
5d618a5e-489b-4835-aab6-ea68fcd4db87,24f00018-69b1-4a51-9c8b-6e6f1d1b8425,Manicure,26.0,20
aad34009-e62d-4342-a19d-084e5248d0bd,01a86ca2-2d6e-4136-ab44-012f7d566dba,Full Head Colour,85.0,80
ab7f4df0-cbd7-471a-a3aa-0aade6c99825,01a86ca2-2d6e-4136-ab44-012f7d566dba,Blowdry,20.0,20
a0119c6e-19e7-44af-9b59-72df84cc452c,01a86ca2-2d6e-4136-ab44-012f7d566dba,Eyebrow Wax,15.0,15
48f7b891-6c5f-4a87-85b4-ca2e1c303f12,cc04c6b1-49c0-4300-ab2c-45429b4aeca4,Scalp Massage,21.0,20
5b7dbd86-c5be-4db3-9693-2dfe07871614,cc04c6b1-49c0-4300-ab2c-45429b4aeca4,Scalp Massage,21.0,20
fe6f0384-fed5-4e42-abc4-291373376559,15590531-e2df-493b-b6ab-7dcf47b1184f,Manicure,26.0,20
3d0a644c-455c-4fb6-9f48-adb7356b2820,9e792f47-1719-455d-ac7f-5576fd2ba45f,Manicure,26.0,20
37fa77d4-cf2c-49c1-abb4-3893f8d78285,9e792f47-1719-455d-ac7f-5576fd2ba45f,Skin Peel,60.0,60
a72dda47-e545-468b-825a-b0f817d0555d,78cb23ab-79d3-4ca2-9f3f-53d956a134fb,Eyebrow Tint,7.0,10
b577c1b0-fddb-4bc0-b338-260fe275d902,2e5a528f-29cb-436a-8a12-fcf8e5a646e8,Eyebrow Tint,7.0,10
c2c3451c-350a-4578-8c8c-6b6d74312583,2e5a528f-29cb-436a-8a12-fcf8e5a646e8,Cut & Style,28.0,30
f8d81abc-3dc5-4348-8008-c3a9c45e3abe,940e1949-b2b5-4296-998a-32dfc719eeef,Eyebrow Tint,7.0,10
f7cf03bc-0a01-4562-aeb6-bb90ecfab607,aae09934-cce7-42ae-a1ee-c258e07d9844,Skin Peel,60.0,60
9e4efec6-411d-4aa4-b882-6a7ae5165782,aae09934-cce7-42ae-a1ee-c258e07d9844,Cut & Style,28.0,30
db9828fb-b28a-4ac9-aecb-32687eb8dd5e,a91db5e7-7048-4f5c-83f6-3ce6d21a29af,Manicure,26.0,20
6ace2550-cba3-4409-af34-906ec8860afe,8c1f95b6-eef7-43ba-ac97-d6c688163307,Skin Peel,60.0,60
97e31cbe-ddb8-442b-9505-307b82b47e98,8c1f95b6-eef7-43ba-ac97-d6c688163307,Luxury Tri-Active Facial,35.0,30
353152b8-e657-4095-b958-fbbc682e9c19,0813a68d-39a9-4d60-af5b-2bbb75cac1ad,Spray Tan,18.0,20
ae029d38-7359-405c-9dd1-92f3cac97490,a0c2b072-9925-4440-ade5-2989c982cb97,Spray Tan,18.0,20
04253770-8bdd-490c-824f-167592c20e21,a0c2b072-9925-4440-ade5-2989c982cb97,Manicure,26.0,20
089fbcdf-15ab-4813-a240-d9ef0845213d,a0c2b072-9925-4440-ade5-2989c982cb97,Scalp Massage,21.0,20
d288ad8f-b69d-4639-bca2-a60cdb0c5536,38584cad-fbd0-414a-bcbc-883b2f90fb85,Leg Wax,40.0,40
e87d89f8-594c-4276-8de2-9b1955b419f4,38584cad-fbd0-414a-bcbc-883b2f90fb85,Pedicure,46.0,40
8b240942-305b-4307-813f-2155bc9fd7d8,112945b9-5e22-429b-afef-ce8fc8154849,Luxury Tri-Active Facial,35.0,30
efdfdd7e-75e8-4e1e-b0d7-0318b2eea785,c1f1f814-db47-451a-860d-70a31bab1791,Blowdry,20.0,20
5a24e8db-fdfa-4197-98d0-166731dc7538,c1f1f814-db47-451a-860d-70a31bab1791,Blowdry,20.0,20
c07a068d-86e8-4bca-9fe9-07c7cbad77a1,60ddfe8a-9c93-4405-8774-095ee37f1dd2,Skin Peel,60.0,60
57bcbd59-d67d-4ddb-ab3c-93693b52c158,60ddfe8a-9c93-4405-8774-095ee37f1dd2,Blowdry,20.0,20
0e24321d-ff75-4cf7-bf0b-37f252c54b42,18401f80-3a11-4d8c-af8a-e48c6acb1dda,Eyebrow Tint,7.0,10
a7757c25-be28-4695-a9e3-e5102383a305,120789d0-3ec5-4b63-afaa-f75317c03a0d,Pedicure,46.0,40
21becb8b-f923-408b-8b55-995ebaa97401,120789d0-3ec5-4b63-afaa-f75317c03a0d,Luxury Tri-Active Facial,35.0,30
7a65a98c-5ff4-4ad1-9e2c-696e257d314d,7ef77df2-73ef-4547-9a5f-d3fae8572d07,Blowdry,20.0,20
e4c27eb9-6768-4d5d-a1d9-7ef678652e10,7ef77df2-73ef-4547-9a5f-d3fae8572d07,Spray Tan,18.0,20
1431b7ed-70f3-4cc7-affe-4c125621cfbb,7ef77df2-73ef-4547-9a5f-d3fae8572d07,Luxury Tri-Active Facial,35.0,30
76c75235-0fcf-467d-83d9-e73d40168c43,1750c7c4-21d4-40ba-8b7e-643462459889,Eyebrow Wax,15.0,15
3b675529-9f7c-411f-ba20-502c871ab3ec,1750c7c4-21d4-40ba-8b7e-643462459889,Eyebrow Wax,15.0,15
a88ec6f6-608e-4000-ae67-11f14d8911d7,b3648627-b8c3-40dd-884e-0266bcfeea7a,Spray Tan,18.0,20
351db0df-278b-4a31-a8ac-082056629e51,b3648627-b8c3-40dd-884e-0266bcfeea7a,Full Head Colour,85.0,80
5bb3db49-da39-4cbe-ab45-92459cd61c7c,b3648627-b8c3-40dd-884e-0266bcfeea7a,Blowdry,20.0,20
57dcc181-2630-4b4c-8194-b6c100d03d3e,015af61f-a4e1-4f3d-bd22-13e5bd8e7889,Full Head Colour,85.0,80
554fda49-64a2-4d3d-922a-5c48ebf0f95f,015af61f-a4e1-4f3d-bd22-13e5bd8e7889,Skin Peel,60.0,60
d05425df-399d-4345-a95c-b231a0410982,015af61f-a4e1-4f3d-bd22-13e5bd8e7889,Luxury Tri-Active Facial,35.0,30
b64e71fc-1a24-4db3-9281-77fccc6fdcc5,70004012-f9d4-41b5-b87e-fb44c78aed1a,Skin Peel,60.0,60
c418502f-ea34-4f1f-967f-92a13810574d,70004012-f9d4-41b5-b87e-fb44c78aed1a,Luxury Tri-Active Facial,35.0,30
e62f8d26-fffe-48dd-8571-c9b563d3c3de,70004012-f9d4-41b5-b87e-fb44c78aed1a,Leg Wax,40.0,40
def57181-5f07-48e8-8411-f7614c8c44a3,81d17e64-b797-431d-a81c-88da3956d05f,Skin Peel,60.0,60
08acfdce-0415-4497-bb27-4cc4b7cc2a8b,81d17e64-b797-431d-a81c-88da3956d05f,Full Head Colour,85.0,80
8829b004-bae7-43a2-9a64-071c1148a035,81d17e64-b797-431d-a81c-88da3956d05f,Skin Peel,60.0,60
5efdeb2a-5f26-40f3-9284-f929cb43f1f7,1f6d5693-c5e9-40fd-961d-978ec7f90240,Eyebrow Tint,7.0,10
002349fd-617b-4386-a554-2caf9f77d750,1f6d5693-c5e9-40fd-961d-978ec7f90240,Pedicure,46.0,40
3ead9467-06c8-4763-afad-221865f7c224,d0ab767a-f0ae-4e23-9301-ad6874945e46,Full Head Colour,85.0,80
d2fb8e54-5324-4cd9-9993-a92a65b533fe,d0ab767a-f0ae-4e23-9301-ad6874945e46,Manicure,26.0,20
dd66b73a-b752-4036-b161-100395459bb9,d0ab767a-f0ae-4e23-9301-ad6874945e46,Scalp Massage,21.0,20
e565715c-d636-40c9-ae63-7b0ff619ef8e,14c7ed8c-00d8-4aa4-becc-aac8cfe3365b,Skin Peel,60.0,60
e4fa16a0-84cb-4c6b-acdc-c0a619f561ad,14c7ed8c-00d8-4aa4-becc-aac8cfe3365b,Skin Peel,60.0,60
21f16aa2-3176-4df8-9d3b-2d4f07ca2586,14c7ed8c-00d8-4aa4-becc-aac8cfe3365b,Skin Peel,60.0,60
119e497e-600a-488f-a331-f88ae7405092,10a321a0-152b-49df-9fab-02d2021f8622,Scalp Massage,21.0,20
180ec5af-4c54-464f-8a46-1b4af4401001,10a321a0-152b-49df-9fab-02d2021f8622,Leg Wax,40.0,40
17cf24af-8062-4d69-8e3f-b243ba81224a,10a321a0-152b-49df-9fab-02d2021f8622,Pedicure,46.0,40
f205b97a-8fa1-404f-964f-e8e9cf4f43bc,af1aa5b2-3a0c-418e-8ae9-cb1fb02c107a,Manicure,26.0,20
ff45038b-8c5a-4403-8fc8-81809ee1d57e,bb27d004-f899-439f-b722-131e7661ae67,Full Head Colour,85.0,80
31c94849-a0a1-4905-86b7-94658a23f5ba,71f5eae7-ed26-4eed-8af4-ab144f5bb731,Cut & Style,28.0,30
5bfabae3-d5c7-4634-8682-57e2339d8a91,71f5eae7-ed26-4eed-8af4-ab144f5bb731,Eyebrow Tint,7.0,10
6e8edab7-3a1a-4e55-8b5c-e88976b927c4,71f5eae7-ed26-4eed-8af4-ab144f5bb731,Cut & Style,28.0,30
b7066fe0-63d8-4812-9993-d9194a48d784,372b02f8-8b2a-4da4-976c-ce6cf342e781,Leg Wax,40.0,40
b42af62b-1bae-475c-bffb-0e3d15e1bada,372b02f8-8b2a-4da4-976c-ce6cf342e781,Leg Wax,40.0,40
62e76879-368f-4c04-854b-774bd9093ae6,9ba5eb22-ddb1-4e62-891a-397770398562,Eyebrow Tint,7.0,10
84dfbc5b-b261-4d4f-80a2-1f3c08d51b41,9ba5eb22-ddb1-4e62-891a-397770398562,Eyebrow Wax,15.0,15
9a3edf07-a3a2-4cde-9100-e9e53a982ddc,8055c106-17f6-4e2a-998a-05cc2b9a3625,Scalp Massage,21.0,20
0e927f74-7842-4d96-b10d-4b645954a6d9,8055c106-17f6-4e2a-998a-05cc2b9a3625,Pedicure,46.0,40
cffa8af1-76d8-4d47-a00b-d3b5a6788c68,2ded7cad-2d33-4da0-ac52-d145af448d82,Eyebrow Wax,15.0,15
8adbbbb6-c402-4f47-b8f7-82667ee8b86f,2ded7cad-2d33-4da0-ac52-d145af448d82,Full Head Colour,85.0,80
3f0297e1-34b5-488c-83c1-1ac52aa22d12,2ded7cad-2d33-4da0-ac52-d145af448d82,Pedicure,46.0,40
3cb868cf-1356-447a-8e68-12fe8069ddea,2889fae3-98b6-42a9-bde2-a9bc77ff82f2,Leg Wax,40.0,40
4d345da8-b246-40b9-a0be-aeb66fe99ec6,2889fae3-98b6-42a9-bde2-a9bc77ff82f2,Full Head Colour,85.0,80
430ab793-867a-449f-ab6d-9b113d5195d9,2889fae3-98b6-42a9-bde2-a9bc77ff82f2,Eyebrow Wax,15.0,15
a5b49889-ee22-450e-90cc-859a494e60b0,ba3327d4-edc5-422f-923f-ec7395ce0565,Cut & Style,28.0,30
32f6e5b1-049c-4d46-b9d4-5bcfba63f8a7,e8daea5e-656f-416e-9bb0-d3a551225df8,Manicure,26.0,20
e3ade647-5e4d-4821-8566-1795f510de36,e8daea5e-656f-416e-9bb0-d3a551225df8,Pedicure,46.0,40
5eea4180-a3d4-40a5-bd98-ba8275dc6358,e8daea5e-656f-416e-9bb0-d3a551225df8,Skin Peel,60.0,60
cc9da3df-17dd-4e33-89ad-c27405c69880,b72ef74f-72d1-4a45-ba81-61368d9e1fa4,Manicure,26.0,20
dcc00562-1a67-4377-a404-73857189a90b,7b3d10ea-6b76-488f-a8c0-e17a1d0feb3d,Pedicure,46.0,40
d346dc98-b943-4899-aa5a-cd3ea45d2bca,7b3d10ea-6b76-488f-a8c0-e17a1d0feb3d,Luxury Tri-Active Facial,35.0,30
a8d7dce4-efda-4869-bd61-01a555c4d70d,7b3d10ea-6b76-488f-a8c0-e17a1d0feb3d,Blowdry,20.0,20
fd99efff-f10a-4a1f-99b0-919907dc8471,1c202302-5ecb-4675-9737-c4e0ce4b996f,Skin Peel,60.0,60
31398426-637f-44d3-9726-3e45c28f81ac,1c202302-5ecb-4675-9737-c4e0ce4b996f,Leg Wax,40.0,40
1cd67136-38f4-4ca9-843c-ddca6fca8aed,1c202302-5ecb-4675-9737-c4e0ce4b996f,Luxury Tri-Active Facial,35.0,30
f3d5e4a8-c27c-4245-ad00-dfb103292a6f,aad78814-8bc4-4cd8-aa14-482fe7c8aea9,Cut & Style,28.0,30
33f7964a-b41f-4b3d-9b52-ac09676813b3,aad78814-8bc4-4cd8-aa14-482fe7c8aea9,Spray Tan,18.0,20
8924037e-90e9-42a1-b707-9baa53e2e3c6,aad78814-8bc4-4cd8-aa14-482fe7c8aea9,Leg Wax,40.0,40
194494ae-843f-4df6-9d3b-55bdafaf25dd,25dacc3b-fa8a-4eb5-b612-11e40717c3c8,Luxury Tri-Active Facial,35.0,30
ec3ea4ca-6eeb-4d41-b84d-0be3c46fd2b9,25dacc3b-fa8a-4eb5-b612-11e40717c3c8,Manicure,26.0,20
ed67b74d-ea00-49f9-aab7-c2c82100401c,25dacc3b-fa8a-4eb5-b612-11e40717c3c8,Blowdry,20.0,20
84a4515f-75b7-4c75-90ea-c424b1060f54,9018d48c-1097-41a1-a1e1-d5790eb49f72,Eyebrow Wax,15.0,15
1ad409cb-0b92-4bb1-96eb-f23bb08efe34,9018d48c-1097-41a1-a1e1-d5790eb49f72,Spray Tan,18.0,20
386d5cfe-d7ce-4510-9b00-77dedd04828c,7e7338c9-d969-4f04-b76c-b56f47c0c00e,Leg Wax,40.0,40
94895469-fac5-4904-9ca3-7e2f4147b2d4,7e7338c9-d969-4f04-b76c-b56f47c0c00e,Eyebrow Wax,15.0,15
0a1117f1-3258-4614-a0ba-1f5168317281,7c17946d-24f0-4f2c-baf0-3ec0d31f9447,Eyebrow Tint,7.0,10
8d9d2ae9-b565-4ca4-890d-81594efd60cd,7c17946d-24f0-4f2c-baf0-3ec0d31f9447,Full Head Colour,85.0,80
c52d5748-c62f-442d-bb86-66c5dd195879,7c17946d-24f0-4f2c-baf0-3ec0d31f9447,Luxury Tri-Active Facial,35.0,30
1ee9d8a2-1ddf-4ee5-bb61-bce395b50018,7947b716-6fc6-4565-b306-4913c3864b8e,Skin Peel,60.0,60
8a834a77-91d5-4a33-849e-c7fe53043ced,7947b716-6fc6-4565-b306-4913c3864b8e,Cut & Style,28.0,30
28814d45-c6b3-4702-bc05-1dcb5e512691,82392422-0ce5-4479-9a68-a4248a296185,Eyebrow Wax,15.0,15
f93ed3be-62c3-48b4-a1a9-75dc1ada1fd4,82392422-0ce5-4479-9a68-a4248a296185,Scalp Massage,21.0,20
64faf3b8-912f-4cd8-bb4a-65994bbbdd7d,b4feae39-e55a-4ea5-921a-5f80f22d9c6a,Spray Tan,18.0,20
0f8e424f-0e80-48e5-8464-cf5c35d08700,b4feae39-e55a-4ea5-921a-5f80f22d9c6a,Manicure,26.0,20
b51783aa-65b5-4b54-92ba-886fed353579,b4feae39-e55a-4ea5-921a-5f80f22d9c6a,Cut & Style,28.0,30
1a222d8a-fc74-4484-a11b-946403d52fa8,78b982e6-68d3-401c-ad8c-2f923d056c69,Blowdry,20.0,20
e9dce49a-5979-4809-bbf2-1c75f016b103,78b982e6-68d3-401c-ad8c-2f923d056c69,Spray Tan,18.0,20
c208d5fe-b59b-4c85-afc6-a80649b2b577,aca00748-d67a-4290-9d9a-9e79baccd124,Pedicure,46.0,40
ed824bcd-bd86-48ec-b923-cef77eef61fc,aca00748-d67a-4290-9d9a-9e79baccd124,Cut & Style,28.0,30
ab046b69-3520-4f07-9ae0-fa56c22c8698,aca00748-d67a-4290-9d9a-9e79baccd124,Skin Peel,60.0,60
3e691aaf-26ae-49ea-a4f6-024f250cec58,0d32645d-0864-492b-b0db-7a002965c69f,Spray Tan,18.0,20
70160182-cc61-4b90-a419-af732b9f916b,cd52ae15-d9dc-421d-a86b-e3949d1599bc,Skin Peel,60.0,60
e7460734-8e8d-40dc-a76a-1c7eb7b723f4,cd52ae15-d9dc-421d-a86b-e3949d1599bc,Scalp Massage,21.0,20
2592ad18-9878-49be-942d-51da06bf10c3,cd52ae15-d9dc-421d-a86b-e3949d1599bc,Scalp Massage,21.0,20
346a654c-b713-4480-a11c-065c342011ae,cb8df282-ae83-436a-b00b-e06e536a0dac,Manicure,26.0,20
9371ad1f-cf01-4ea2-a859-28dc0e99463d,86c5be85-e230-4353-8c9a-6ee8f0aa3118,Pedicure,46.0,40
3a456b30-65fa-42e8-bf95-3979eb0c95a7,86c5be85-e230-4353-8c9a-6ee8f0aa3118,Eyebrow Wax,15.0,15
5b784fef-6447-414a-ba6f-c601590d1e75,db5b44ae-9b86-4a44-bfc4-a080849d8324,Pedicure,46.0,40
f5aac958-6e2d-4b8b-b8c7-21974a8e0a33,db5b44ae-9b86-4a44-bfc4-a080849d8324,Full Head Colour,85.0,80
928b6ba0-1f93-4982-97da-6204128df42e,948a9df6-d584-492e-ad6a-44fe1a6230cc,Eyebrow Wax,15.0,15
fc0d292e-0462-4176-8f6e-fdb3515f0425,948a9df6-d584-492e-ad6a-44fe1a6230cc,Leg Wax,40.0,40
6bf9271c-ee44-4b87-a54b-9532e122a3c1,438547fd-8b60-426e-bea9-f8d53051e41a,Cut & Style,28.0,30
4706eff3-ab38-4cfb-b0d4-c650790807d2,438547fd-8b60-426e-bea9-f8d53051e41a,Scalp Massage,21.0,20
399dae41-afac-414f-b746-26ce0bf4b941,438547fd-8b60-426e-bea9-f8d53051e41a,Pedicure,46.0,40
e3b0b406-6003-4452-a1d7-1d88b66d2b7c,d873b367-9574-43fb-bcce-b7f4c1af9a76,Manicure,26.0,20
36604788-0dae-49cb-a11d-67e523897270,d873b367-9574-43fb-bcce-b7f4c1af9a76,Leg Wax,40.0,40
0ba4060e-93e4-436f-8480-29dbe8bff15a,d873b367-9574-43fb-bcce-b7f4c1af9a76,Scalp Massage,21.0,20
9f6da4f4-9ef4-4609-bc9f-e98de72f7224,6e38f622-1130-44e5-96e9-4dde98b197f2,Cut & Style,28.0,30
b31c8f71-9bb8-435f-8b24-ee4a72842486,3e650b46-b6b2-47f4-9cfc-b4ec589f80e8,Manicure,26.0,20
2a61e02b-8432-4002-9255-a9abebd56afb,3e650b46-b6b2-47f4-9cfc-b4ec589f80e8,Spray Tan,18.0,20
47c2d192-ae5f-4ae1-8363-fb2faf7b2e93,4a27d354-6608-4dc9-acc5-f9519d04b336,Manicure,26.0,20
3742cd8f-1716-4065-a8d4-46d25d2a0ad2,a8e26077-6b9b-4500-94bb-179836343718,Eyebrow Wax,15.0,15
65e53809-3ba7-4396-9108-b878696b02ae,bd109d64-b0cd-49bf-a4b4-fa8276135c24,Cut & Style,28.0,30
8e8c8176-bf17-459d-9113-da94b339af95,bd109d64-b0cd-49bf-a4b4-fa8276135c24,Cut & Style,28.0,30
4ede8754-d377-450b-befc-2bf937705e65,fccb4f4f-3c4c-4169-86cd-63142ae99af5,Pedicure,46.0,40
db6dbe9b-5dca-4375-b493-a8f8bf0e425a,fccb4f4f-3c4c-4169-86cd-63142ae99af5,Manicure,26.0,20
275590ea-4ab3-468d-b251-cc797d780e47,82daebd9-a2b6-4d89-8a05-8fc0839aa9d6,Eyebrow Wax,15.0,15
3218dca2-aecd-48b2-81c1-0d515348ec62,82daebd9-a2b6-4d89-8a05-8fc0839aa9d6,Full Head Colour,85.0,80
f36a5fad-0fd6-480b-9512-763364bd3813,9fac3132-a09e-4bc1-bcca-df36d50ba724,Spray Tan,18.0,20
d08a1ef8-9e5d-4e0e-a02a-d7f918ade492,9fac3132-a09e-4bc1-bcca-df36d50ba724,Eyebrow Tint,7.0,10
19425a8d-3d97-4dd3-bc13-c23babad3650,9fac3132-a09e-4bc1-bcca-df36d50ba724,Manicure,26.0,20
42031fd3-ec8f-47f9-805b-741f93b98f52,aca75d33-0a40-4460-bc9f-a6df454823fd,Spray Tan,18.0,20
257d1b23-3927-453b-b217-5ae78389a7b4,aca75d33-0a40-4460-bc9f-a6df454823fd,Leg Wax,40.0,40
b46d2e74-0ff2-4557-bfeb-e1bc996e0714,aca75d33-0a40-4460-bc9f-a6df454823fd,Pedicure,46.0,40
fb4a7e3d-2c37-40f3-a640-b7f724eef2cb,ff481331-c576-4bc7-8aac-2bd98448419a,Leg Wax,40.0,40
90cc97c4-6df6-4b25-a8a0-e18c2606250c,ff481331-c576-4bc7-8aac-2bd98448419a,Cut & Style,28.0,30
794ebe61-6271-44a0-aa31-6721907c623f,ff481331-c576-4bc7-8aac-2bd98448419a,Leg Wax,40.0,40
52fe51df-cc41-4ba7-89bb-e2a7ad8eb4fe,5df68a96-8af3-48c9-a34c-99e399106961,Eyebrow Tint,7.0,10
3cffb478-51da-48da-b1fe-50e31ff60e55,5df68a96-8af3-48c9-a34c-99e399106961,Skin Peel,60.0,60
177e05b1-83cb-4327-94ae-2c67f54440e9,5df68a96-8af3-48c9-a34c-99e399106961,Manicure,26.0,20
947d43c0-8302-4282-b1ed-25c285b11958,ab64ff5e-040e-4d53-a563-3b18e3ca888a,Eyebrow Wax,15.0,15
86b3905e-e719-425c-8f9f-b9a53d0ed540,fed7f141-c16b-4eb4-807b-69e194b21926,Spray Tan,18.0,20
874bce7f-64be-48b0-af6d-bda7e60e8d2c,fed7f141-c16b-4eb4-807b-69e194b21926,Manicure,26.0,20
1b1a8f7d-efff-4c4f-944e-b3f76ee8627a,2cc1eea3-e0da-4942-ae76-682821c8dc4e,Eyebrow Wax,15.0,15
736a4e32-39e3-4184-9b91-7f5215aebd96,60f3135e-b1cb-4837-8a9e-e92c61b279ed,Eyebrow Tint,7.0,10
8045b480-b938-49ab-8db7-6a46bf89967c,60f3135e-b1cb-4837-8a9e-e92c61b279ed,Pedicure,46.0,40
75af6176-cb79-4936-be86-e9672fe86613,cc6a6059-ceb9-49a7-a12b-9f264f28f029,Eyebrow Wax,15.0,15
924e197d-ed8a-4c01-ba45-f3143bd50090,cc6a6059-ceb9-49a7-a12b-9f264f28f029,Cut & Style,28.0,30
40a933ba-3698-40bd-9b00-71ea6040ac61,a9143083-584c-44cf-9cbc-675e1aaf9c4e,Spray Tan,18.0,20
5417cbf7-062a-4712-b2c1-952b4fca34d3,a9143083-584c-44cf-9cbc-675e1aaf9c4e,Eyebrow Wax,15.0,15
9e6f04d7-f13f-4e65-9807-cb6d9bd5801e,a9143083-584c-44cf-9cbc-675e1aaf9c4e,Manicure,26.0,20
1e799e69-4255-41e0-8842-ee7d716f0fbf,a01ddf34-2b6f-4191-b1c0-69f9e5640233,Blowdry,20.0,20
ffa9869b-df06-4fa5-86c1-b557ade52d1b,a01ddf34-2b6f-4191-b1c0-69f9e5640233,Spray Tan,18.0,20
ce552dc7-46fd-4010-aa7f-b8261e595192,1e604045-e229-4fa7-9224-33cc09e76391,Blowdry,20.0,20
4eab7e69-53e6-40e6-8a4a-f6e01c0662ac,ff496d4e-2ba4-4b39-bc71-b28e98fd1267,Full Head Colour,85.0,80
c046d89a-26c9-4095-8e8c-cf963270b2dd,235ebb2d-d2be-44b3-a569-a10062df0e50,Blowdry,20.0,20
6e683dbf-c205-4594-b3ef-f488a636f6f2,f54fa9af-1922-4074-8247-8d5fc5b07fb6,Luxury Tri-Active Facial,35.0,30
e3a8eb22-ac8e-4693-9233-26699236819a,f54fa9af-1922-4074-8247-8d5fc5b07fb6,Pedicure,46.0,40
8fe3187e-d7f6-4b57-92a8-cfdc97e28979,f54fa9af-1922-4074-8247-8d5fc5b07fb6,Skin Peel,60.0,60
3ae7bee6-5c06-40ba-9250-853506275c6c,68c06fc5-1a9c-4fe7-a419-e85b480dd89b,Full Head Colour,85.0,80
860bdc0a-d32d-4cbc-aef6-6b3621c3d659,68c06fc5-1a9c-4fe7-a419-e85b480dd89b,Leg Wax,40.0,40
d3c73352-fe74-4d55-af2d-bdf60a2a7108,b2b03f4a-c436-4aab-bb9a-e86c6c465ff7,Luxury Tri-Active Facial,35.0,30
025cb881-17e2-49c2-a970-18378000cb16,b2b03f4a-c436-4aab-bb9a-e86c6c465ff7,Luxury Tri-Active Facial,35.0,30
4661e606-b4a1-4993-ae83-f40802b5e7d5,4b8c5082-111f-426d-94d7-5ec2303ae389,Skin Peel,60.0,60
2f3903a1-75d4-4bcf-b589-cfa35b8b728a,4b8c5082-111f-426d-94d7-5ec2303ae389,Eyebrow Tint,7.0,10
c70aa7c9-862e-4e83-b54d-01e12a10d0b4,4b8c5082-111f-426d-94d7-5ec2303ae389,Pedicure,46.0,40
5c868b41-97a2-4a79-9180-1ece0e7eb5fe,494abffb-11a6-4529-bb38-cdf29bcd71fb,Spray Tan,18.0,20
35d6aa20-3ba3-4218-818e-c9b47ff936f0,49c51af3-d703-46af-bfa4-dec9cf1772bd,Leg Wax,40.0,40
369b9750-bde2-4e1a-88b4-34258eb686ae,49c51af3-d703-46af-bfa4-dec9cf1772bd,Luxury Tri-Active Facial,35.0,30
a70025d7-6226-4032-bbb2-0927df0288f3,771cef47-e385-4722-a616-60819e866d7c,Spray Tan,18.0,20
bab512a7-aae9-4008-bc38-1da38f427e72,771cef47-e385-4722-a616-60819e866d7c,Pedicure,46.0,40
c831622b-93cb-4eb4-9e33-6bad5c9af1f7,771cef47-e385-4722-a616-60819e866d7c,Luxury Tri-Active Facial,35.0,30
9ef380b7-a04a-4015-a44c-b5dbbeebba88,af3f367a-c184-45b9-8d1f-747e1a3a0ba9,Leg Wax,40.0,40
c3b1859e-e614-4fae-a99f-6420a95c5877,af3f367a-c184-45b9-8d1f-747e1a3a0ba9,Eyebrow Wax,15.0,15
e0f27ae1-e7f7-4a2e-bfa7-3c1af9d4d41c,48361f7c-4de3-4f19-ba1d-9c7ecae28128,Pedicure,46.0,40
19c3ad85-6595-43d3-aac7-c154fad1688b,48361f7c-4de3-4f19-ba1d-9c7ecae28128,Leg Wax,40.0,40
632b10ac-ca52-4256-a026-4bb7fea1f394,cd63cd3e-ac5b-40c2-9bc6-10bd03073c66,Cut & Style,28.0,30
5113e8d2-8dc9-413b-9950-991496603036,a6247fa7-d197-4f2c-be94-08c7d9508048,Pedicure,46.0,40
ca249d16-3694-4a8d-a403-ef8f89d07ac5,a6247fa7-d197-4f2c-be94-08c7d9508048,Pedicure,46.0,40
ce6d9592-6636-4265-ac2c-4f941e1e8f8b,a6247fa7-d197-4f2c-be94-08c7d9508048,Cut & Style,28.0,30
19cd9b06-0ebb-453c-ab06-f5cf24a0fdc6,952142c2-88d9-41b9-8b04-4e087a949f7d,Scalp Massage,21.0,20
f1093e93-2776-456e-843f-91bc4641f8f8,952142c2-88d9-41b9-8b04-4e087a949f7d,Scalp Massage,21.0,20
e886aa47-5d03-47e2-acae-d32e0c61cb10,952142c2-88d9-41b9-8b04-4e087a949f7d,Skin Peel,60.0,60
a12f27f9-c189-47fa-b6f8-ed6780d76728,a1dfb85c-1c53-44b5-a906-b1fcf4c76355,Skin Peel,60.0,60
202b440f-764a-459d-8377-b55ca63146fd,a1dfb85c-1c53-44b5-a906-b1fcf4c76355,Full Head Colour,85.0,80
8b644d0d-7c5f-4e05-a501-618a52e8b282,a1dfb85c-1c53-44b5-a906-b1fcf4c76355,Skin Peel,60.0,60
8bf207b7-ac91-4f99-8371-a89099bfe911,fed9ca7a-27b2-4c1f-abdb-1eb9925ff795,Scalp Massage,21.0,20
a989dc63-5e22-4c4f-94a0-d00609c1805d,fed9ca7a-27b2-4c1f-abdb-1eb9925ff795,Eyebrow Tint,7.0,10
3e6579a0-a335-4616-9191-d51fbba67412,01d4be81-bcc0-47aa-accb-858ba6933617,Cut & Style,28.0,30
4108c633-e8c5-4800-b3f9-b95c10d78812,01d4be81-bcc0-47aa-accb-858ba6933617,Skin Peel,60.0,60
2ce91aa7-b5e3-4fa4-ae51-390be1c5d970,01d4be81-bcc0-47aa-accb-858ba6933617,Skin Peel,60.0,60
0a1d4642-04fa-492a-9aad-c3a2b447f788,ec51c034-3f20-40ef-a73f-afed682bb273,Blowdry,20.0,20
0cbd27d5-1104-4da1-8b1a-23515e88d2e2,b1ca55f2-6489-4e6a-a2e8-093ef197e548,Scalp Massage,21.0,20
b2edbc9e-22b7-4689-ba83-6bcea840b0c3,d53345f4-5072-4dc2-b1e8-4309e3b17fdf,Luxury Tri-Active Facial,35.0,30
a6831a53-497d-4706-86bc-aa1217335247,2f31aac9-8225-49a8-926f-bf9d889c3486,Pedicure,46.0,40
d07331bc-7d15-470e-bcaf-66834a6441f8,2f31aac9-8225-49a8-926f-bf9d889c3486,Luxury Tri-Active Facial,35.0,30
f48b2cd4-b662-4afd-b882-03f3f31fdcad,e27454fe-be60-4b95-9855-756217d8b877,Eyebrow Wax,15.0,15
12c1a7ac-4827-4f00-a927-909e9ef4eff6,e27454fe-be60-4b95-9855-756217d8b877,Skin Peel,60.0,60
31826e95-636c-42d2-aa49-6149e25aaffc,8228e4ea-e95d-48ff-8282-d1ea2eb80e15,Full Head Colour,85.0,80
2e783cab-07f6-4bd0-b55b-fb83be1ba1d0,8228e4ea-e95d-48ff-8282-d1ea2eb80e15,Cut & Style,28.0,30
9bb5c2d5-2899-4402-8545-0ac18e665de0,f462e33f-8da5-49ee-95f7-b515b9d91f8e,Leg Wax,40.0,40
6f1f9095-ac7d-4f8e-a2a9-80283c70432e,f462e33f-8da5-49ee-95f7-b515b9d91f8e,Skin Peel,60.0,60
fc8ad74c-10bf-4d5e-80e8-34224f9550a5,f9fd9d10-8832-48a1-b1c9-058fea5e3232,Blowdry,20.0,20
989e7c16-412f-4bcb-bc93-ee9a91f216f3,f9fd9d10-8832-48a1-b1c9-058fea5e3232,Cut & Style,28.0,30
e3afff74-2e1d-4796-ad0b-6c2a23d89633,f9fd9d10-8832-48a1-b1c9-058fea5e3232,Manicure,26.0,20
f04ebe84-ceca-408a-969d-efc45941c3a3,0f318771-612c-419f-a1ee-88553d5f336c,Pedicure,46.0,40
f65f42cc-fb6f-4b4f-995a-f1a6d961e81a,0f318771-612c-419f-a1ee-88553d5f336c,Cut & Style,28.0,30
fa2cb5d6-9b2b-49c9-96b8-8cba764cc99e,0f318771-612c-419f-a1ee-88553d5f336c,Eyebrow Wax,15.0,15
19a05669-5dc8-4701-8b72-d471cbf0320b,463ba6d0-1146-4476-b2f3-45e4d4aaddad,Cut & Style,28.0,30
8804053d-4ac9-4d33-a4f9-811e92e84583,3f4bab74-cb30-42ea-8120-af5ff76e9224,Pedicure,46.0,40
ae75992c-5055-47c9-b470-bd0289b923e6,3f4bab74-cb30-42ea-8120-af5ff76e9224,Skin Peel,60.0,60
7eb6626d-e0c0-49b4-9131-28dfd94231f8,5617ac4d-9dae-4379-87ec-f3050c179065,Cut & Style,28.0,30
891d2112-7668-44e3-96fa-17d34acce4ad,5617ac4d-9dae-4379-87ec-f3050c179065,Full Head Colour,85.0,80
a22e2df7-a4b8-446f-84f6-9b61cb1df822,c972d919-6e15-492e-8247-d2e12c5a8ed4,Full Head Colour,85.0,80
9097823d-7eb6-4d0f-bc23-fb7db833ea01,5ced343a-d438-4e09-a5da-79b67cd9f35f,Luxury Tri-Active Facial,35.0,30
167e2bc6-70b9-4dd2-a07a-e900f26ab111,3aecb6cb-4e2f-49d6-a6b9-ce9065eada12,Scalp Massage,21.0,20
3b044893-ecca-48f0-b3f4-0ff2dffb27dd,92cb689a-faa5-46da-8537-ed955b2dd796,Manicure,26.0,20
4ad9f3ff-a660-4749-b0f4-d513b7c139e4,92cb689a-faa5-46da-8537-ed955b2dd796,Full Head Colour,85.0,80
e1a2f5bc-b58f-48cd-9336-b1d2cd07a6cd,81950f17-3556-4eaa-8469-6f2bb813c57f,Pedicure,46.0,40
e8050117-7511-4164-b86f-34d41dec2118,238f55bb-911c-466e-8830-5e66de9c2c82,Full Head Colour,85.0,80
c145a2d2-f4aa-4f1b-88e6-e06da02664e9,238f55bb-911c-466e-8830-5e66de9c2c82,Skin Peel,60.0,60
55dd3c2a-d9a0-43bc-9c27-1943fb9bac73,238f55bb-911c-466e-8830-5e66de9c2c82,Cut & Style,28.0,30
e3ee1f56-266c-4352-ad42-a06afe0d7907,2e7616e6-475d-4c6f-9e1a-bca5104dd583,Leg Wax,40.0,40
e3bcd48c-78f0-4b7d-ba0f-5bcdb0d76a78,2e7616e6-475d-4c6f-9e1a-bca5104dd583,Eyebrow Tint,7.0,10
1dddeca1-bed1-44a8-b4b3-d906e7c2ce08,b28b9d2f-f210-4f39-bd32-9f56e6bb3095,Luxury Tri-Active Facial,35.0,30
381d0ee0-0560-48b4-af8b-f726c3184666,18e4f32e-5997-494a-9d1b-dfd5984ab02c,Leg Wax,40.0,40
23a37e24-543f-4919-a76b-d2e0ff631963,18e4f32e-5997-494a-9d1b-dfd5984ab02c,Manicure,26.0,20
d65a49a9-7bf4-465b-b64e-72d6e0540eb3,18e4f32e-5997-494a-9d1b-dfd5984ab02c,Skin Peel,60.0,60
8722e23b-cf25-4643-97e4-333e262bfb64,87a6c5c9-d515-484a-b9ff-3a5286332ac1,Eyebrow Wax,15.0,15
57bcd00b-93fb-4e81-8101-65e89bf29601,87a6c5c9-d515-484a-b9ff-3a5286332ac1,Skin Peel,60.0,60
0ba361ad-b77e-4428-a116-a4a47774d241,87a6c5c9-d515-484a-b9ff-3a5286332ac1,Pedicure,46.0,40
35b5a361-1042-4e8c-b0bf-6e2f5813a318,e1acea1f-24b7-43aa-8a68-61087060a73b,Spray Tan,18.0,20
fe30dfde-fdd0-4c6e-8710-6d3a450586ab,0ebca71c-739e-47d1-9e64-7aeeeb2cbebf,Cut & Style,28.0,30
e6403072-8e2b-4994-9498-f84f302d4a55,0ebca71c-739e-47d1-9e64-7aeeeb2cbebf,Pedicure,46.0,40
186fda69-fa75-4eff-b074-cbc18a99181e,0ebca71c-739e-47d1-9e64-7aeeeb2cbebf,Leg Wax,40.0,40
bd966857-04bf-43f7-926e-7240a9bfb717,b32dfd40-d4a2-427e-bb66-e0eed7bf2e08,Leg Wax,40.0,40
caeffbc2-c25b-45a7-b1d5-55d58267a1d6,b32dfd40-d4a2-427e-bb66-e0eed7bf2e08,Spray Tan,18.0,20
e6fc1528-2ed1-4e49-9618-1b541e660b82,f8784523-ced5-405e-8a43-f9182ba36e21,Eyebrow Tint,7.0,10
9fb11a37-ab60-4d3c-bc30-63f3cef8f214,04a33cac-1ab7-4287-8dca-8c278492adb1,Pedicure,46.0,40
3d2c9964-6b03-41f7-ba33-b67486dc2270,04a33cac-1ab7-4287-8dca-8c278492adb1,Spray Tan,18.0,20
4f8b1c10-4185-4045-9325-0c41c6d73368,04a33cac-1ab7-4287-8dca-8c278492adb1,Eyebrow Tint,7.0,10
772dbb07-ad3a-4316-aa5d-b1d6fce5ba2e,d1a8b7cb-e636-453d-80cf-5a996bb4cbab,Pedicure,46.0,40
ea4452bf-d5ba-4207-af48-498596ccb64a,d1a8b7cb-e636-453d-80cf-5a996bb4cbab,Manicure,26.0,20
eec863f1-b703-430e-a4e9-b053c07fa4a4,16edb84e-955d-4e1d-b65e-f45c19a8099c,Eyebrow Wax,15.0,15
f1fb6e82-329c-472b-923f-97d52e920200,16edb84e-955d-4e1d-b65e-f45c19a8099c,Full Head Colour,85.0,80
3b3d6e2d-198c-478f-9062-c4aca9cee212,cea56273-92e6-4a96-945d-2214a008c618,Manicure,26.0,20
139ced61-ad9e-4a0e-9765-91ce6ea50959,cea56273-92e6-4a96-945d-2214a008c618,Manicure,26.0,20
7d1dd313-bbda-4b13-b501-8095ca69e368,841f182c-5d85-4fea-b713-4a9672eb1e02,Cut & Style,28.0,30
087feba9-fb9a-4639-8d0d-7a954caf7f35,a5d90045-3f6e-4b35-b07e-f1eb992640cd,Blowdry,20.0,20
b3e44f53-ce9e-49e2-a675-73de3756ef5b,7f83c00d-93d7-4627-91ed-28b67d4763fc,Cut & Style,28.0,30
4d323710-7e13-4b35-b0e3-3561ca291fd5,7f83c00d-93d7-4627-91ed-28b67d4763fc,Blowdry,20.0,20
1bb6c192-6de0-43bf-b478-62b10bca8f02,50a396b9-2284-4f9a-a39b-59f931f44dd9,Spray Tan,18.0,20
0cca8e71-d0f9-4181-83f1-4cf99b82c79d,8481670b-6e69-4e58-8c0f-6572c8c4bf6b,Blowdry,20.0,20
e7387e4c-09ad-45ee-80ab-784e0c30ac4c,8481670b-6e69-4e58-8c0f-6572c8c4bf6b,Spray Tan,18.0,20
8459caaa-803a-4097-bdd3-71035b6d6ec5,d1fa2a66-efe4-48d4-b9ba-b40be3bb935c,Skin Peel,60.0,60
9255bc47-78d5-41a9-8fdb-3c97f7eda2c8,d1fa2a66-efe4-48d4-b9ba-b40be3bb935c,Luxury Tri-Active Facial,35.0,30
124dbea1-c5a3-45d2-a757-6dab73cbee83,d1fa2a66-efe4-48d4-b9ba-b40be3bb935c,Cut & Style,28.0,30
d9137291-61bd-4e02-9dd7-c934bd84f59d,842d4899-2487-4b03-9070-bd89a89a355e,Full Head Colour,85.0,80
91347d11-4a51-43a6-90d5-6afba1bff610,842d4899-2487-4b03-9070-bd89a89a355e,Manicure,26.0,20
4b04e4cf-b8bb-4d4e-be6d-12331e469dab,0f1ecc47-bbbd-4236-9ebc-f234942b8e9a,Skin Peel,60.0,60
7fe75f5a-7b2c-4ef2-8f11-6c0e056264ff,6ea8b169-6e58-4a3e-ba74-ef2d86f9df54,Full Head Colour,85.0,80
b06863ed-0cc9-4c84-b30b-97ac4e7436a2,6ea8b169-6e58-4a3e-ba74-ef2d86f9df54,Cut & Style,28.0,30
5aa94d37-0e07-4dab-b7ea-fa51b7b71360,7b7d8a13-4f99-4384-9ef6-e6fc08de0b43,Manicure,26.0,20
13cb0327-cae5-496e-a54e-eac8d174cf87,7b7d8a13-4f99-4384-9ef6-e6fc08de0b43,Full Head Colour,85.0,80
6a9bb453-1310-42d7-b3ed-c235e70ad948,7b7d8a13-4f99-4384-9ef6-e6fc08de0b43,Leg Wax,40.0,40
308ea1af-6138-4fcc-8e89-1843b590a237,4cda1739-fc09-498d-a665-5abc83d5dc9f,Eyebrow Tint,7.0,10
c0abb3ad-0826-489f-a26c-5e79a902017b,4cda1739-fc09-498d-a665-5abc83d5dc9f,Eyebrow Tint,7.0,10
e5e5180e-c9cb-4f5f-b04a-27e1af517665,55d174bc-e19d-4526-9158-f6421a118378,Full Head Colour,85.0,80
d6c1cf42-ec0c-4292-8f44-f189e98525dc,0ad5c5da-08b2-4845-b612-3528396463f6,Eyebrow Wax,15.0,15
2974524d-b5c1-4139-8507-84ea8056b9d2,0ad5c5da-08b2-4845-b612-3528396463f6,Cut & Style,28.0,30
9918f723-3e41-4ddb-a6bd-f916bf75521d,649ad205-2767-431b-a721-4ace64a3e9b1,Cut & Style,28.0,30
51a98e92-a0f3-40a4-ac3b-c97e031b7b35,649ad205-2767-431b-a721-4ace64a3e9b1,Eyebrow Wax,15.0,15
c7360ddb-0e6f-413e-b7b1-9686c1c141bc,786b262f-cd27-45ca-a470-cd586a1d9e40,Leg Wax,40.0,40
73438f83-6c75-414e-9d63-5d61821093b6,786b262f-cd27-45ca-a470-cd586a1d9e40,Blowdry,20.0,20
cc0172f4-905b-4b4f-b363-8670754f1268,786b262f-cd27-45ca-a470-cd586a1d9e40,Luxury Tri-Active Facial,35.0,30
f2193f0c-5744-406b-ba8a-0f7e4f108398,03eb0a71-55c1-4065-bc30-6e1305759a3e,Spray Tan,18.0,20
5748dfa4-2d18-4a17-8ed0-860db8f76ff2,26db11a2-3e7a-4663-b1b7-37a4747a82f7,Luxury Tri-Active Facial,35.0,30
1a7986b4-7977-4df2-b190-ca7f6843e8c5,26db11a2-3e7a-4663-b1b7-37a4747a82f7,Eyebrow Wax,15.0,15
3c0f08d2-d21a-491a-a935-6e664d515aa6,26db11a2-3e7a-4663-b1b7-37a4747a82f7,Leg Wax,40.0,40
71ee006c-2822-4da4-96e0-981b3c721dfd,c32d7f53-7a90-4e3f-b229-97d8ae6b553d,Cut & Style,28.0,30
99c01b23-dd0f-436c-a439-0c9f5af28d1e,5059234d-ebdf-43a3-8d25-cc093aa7a939,Blowdry,20.0,20
0c1f085c-179c-430d-8ea0-346395db84d1,5059234d-ebdf-43a3-8d25-cc093aa7a939,Pedicure,46.0,40
07041711-343b-420c-8e71-d0c3090bf6f1,5059234d-ebdf-43a3-8d25-cc093aa7a939,Pedicure,46.0,40
8207b1fe-e17b-4137-96c2-a9799f4c3b6f,142c0d3f-d214-445c-bd63-3d58e2797993,Eyebrow Wax,15.0,15
8c964f5b-c82e-4e14-9d94-00d586f4113d,6ee4c4b2-5b0b-4484-bfa6-22047d65eeda,Leg Wax,40.0,40
65df80ec-7504-4a47-ae8e-3a0422ecc1be,6ee4c4b2-5b0b-4484-bfa6-22047d65eeda,Scalp Massage,21.0,20
0d301af5-3740-4c24-b800-afb5e87c3f85,6ee4c4b2-5b0b-4484-bfa6-22047d65eeda,Full Head Colour,85.0,80
543793b5-3287-4a09-965f-d0d8ac9c7b64,297dce3c-988d-48a1-bfd3-619b0362e304,Leg Wax,40.0,40
66f1b8b3-de40-4751-a556-db2c1e570101,297dce3c-988d-48a1-bfd3-619b0362e304,Manicure,26.0,20
95e3ac16-7a93-40b8-acea-b599a7713c02,297dce3c-988d-48a1-bfd3-619b0362e304,Blowdry,20.0,20
fb676d70-ac5a-4d51-9d5e-2e547a3a2b29,fcf0775b-126a-4af6-a961-e77b8ca3d919,Eyebrow Wax,15.0,15
a6016532-1742-4faa-b22c-b117d657327f,fcf0775b-126a-4af6-a961-e77b8ca3d919,Luxury Tri-Active Facial,35.0,30
ae6ef20f-6cf4-49f9-897a-3962e7fb6926,50766cb6-2290-4e04-bc46-2e373cf2a6fe,Eyebrow Wax,15.0,15
ee2eda8c-8f23-4cf3-8b52-a105c20036a7,50766cb6-2290-4e04-bc46-2e373cf2a6fe,Skin Peel,60.0,60
9cd74132-fd8d-4995-a6c9-2355849e5ebc,035431d4-9261-497a-8c50-f953127cce3d,Skin Peel,60.0,60
d08dd9a7-316b-43e2-b984-94f2036fde2c,035431d4-9261-497a-8c50-f953127cce3d,Luxury Tri-Active Facial,35.0,30
35852d4d-7ff9-465d-a721-d5ca081b6b8e,035431d4-9261-497a-8c50-f953127cce3d,Leg Wax,40.0,40
e590877d-cedc-49a1-bd38-c0df25818d0d,6294f245-173a-41fd-b110-27d1e520da4f,Full Head Colour,85.0,80
28593d43-154e-484b-9d14-adc2ee7a9868,6294f245-173a-41fd-b110-27d1e520da4f,Eyebrow Tint,7.0,10
53f648b4-77c1-48a8-9f74-d1d7d4152609,687a556a-ff9f-4eed-bc34-906d53cbc476,Full Head Colour,85.0,80
9b6eae7d-2173-46b7-bf3f-834945762b0e,687a556a-ff9f-4eed-bc34-906d53cbc476,Blowdry,20.0,20
76a7f847-a615-4745-b951-d64d1346b172,687a556a-ff9f-4eed-bc34-906d53cbc476,Skin Peel,60.0,60
237f2779-6608-464c-965a-0a5c7406d6a9,15ab50d4-25a0-4d93-be17-e6245a691a15,Eyebrow Tint,7.0,10
e104300e-e8b1-4792-ad94-eef3974e8513,15ab50d4-25a0-4d93-be17-e6245a691a15,Cut & Style,28.0,30
53a5eb7d-2851-442e-bd92-0772c410484e,c5b2523b-b191-4fbe-9820-4343c1cab1bb,Cut & Style,28.0,30
30085739-5924-442c-b65f-90f2714985a5,c5b2523b-b191-4fbe-9820-4343c1cab1bb,Cut & Style,28.0,30
ebf067d8-36d5-44b4-a0a7-69a6cd04d88f,5732d094-d486-436d-a344-a9e79d8431b9,Spray Tan,18.0,20
cd01b07e-0569-4350-b1aa-adf32122f6a5,5732d094-d486-436d-a344-a9e79d8431b9,Manicure,26.0,20
43bf2658-b935-4f3f-912e-7c9b22df3860,c7f6d865-87e5-4b09-809e-11daf8c48ff6,Full Head Colour,85.0,80
31cbc50a-955d-4892-a8b8-d77516de038a,c7f6d865-87e5-4b09-809e-11daf8c48ff6,Spray Tan,18.0,20
d04f57f0-f4fc-4f03-9539-4b7ec618e8ac,c7f6d865-87e5-4b09-809e-11daf8c48ff6,Eyebrow Wax,15.0,15
1b44f93b-5d50-497a-bbc9-9eaafde5edf1,1094725f-1271-4638-8d9c-d5a9744e8688,Blowdry,20.0,20
05be71e3-0a69-455d-85ea-355a3673b2f7,1094725f-1271-4638-8d9c-d5a9744e8688,Cut & Style,28.0,30
3961d429-92da-4712-9608-cd12892bb836,440c2293-c882-4fa3-a986-f9b06a3aafee,Eyebrow Tint,7.0,10
0e84522b-2fe7-4f74-9b24-3404cf65433e,c63236bf-e8d5-44cb-8e3b-cb3675f68464,Manicure,26.0,20
b8e175aa-ba9b-47be-a145-5f0093557514,c63236bf-e8d5-44cb-8e3b-cb3675f68464,Spray Tan,18.0,20
b142c250-0164-4702-9ab2-539aac46d715,c63236bf-e8d5-44cb-8e3b-cb3675f68464,Eyebrow Tint,7.0,10
027f0b3a-b2de-4f9a-98b8-375ee5490ad8,a410d2d6-5830-41c0-aee7-91adaead2271,Blowdry,20.0,20
a43ff1f2-1f49-4772-8a2a-6edb9e13c6c7,a410d2d6-5830-41c0-aee7-91adaead2271,Luxury Tri-Active Facial,35.0,30
aff4e9fb-3b6d-43d0-a4e2-7b0aea50f5df,a410d2d6-5830-41c0-aee7-91adaead2271,Leg Wax,40.0,40
8c3f3d96-b20f-4ac9-bfc1-266b2ac96cc6,1058c017-8cc9-4675-8fe3-b09eb46737e7,Eyebrow Tint,7.0,10
e9444e8a-cd33-43e7-a08a-0d5a1f8b0811,1058c017-8cc9-4675-8fe3-b09eb46737e7,Eyebrow Wax,15.0,15
aa6a4fff-d878-483e-bcf0-68725a71076d,1058c017-8cc9-4675-8fe3-b09eb46737e7,Pedicure,46.0,40
d3b60483-bfd3-4748-b0eb-8320176c0b1c,2fa14404-890a-4b83-9088-6fc236d3934f,Spray Tan,18.0,20
8db85386-49b9-47f2-b8f0-de3daefb4a6f,2fa14404-890a-4b83-9088-6fc236d3934f,Manicure,26.0,20
48b3cabb-3a15-4cfd-9478-c84e7703745b,f543b646-52b9-4c8e-a80c-4573a83b0068,Scalp Massage,21.0,20
f06a2730-6b27-4be3-ab26-e97f45a2e452,f543b646-52b9-4c8e-a80c-4573a83b0068,Spray Tan,18.0,20
15ebe69c-de86-4041-a463-f7ea812e4563,f543b646-52b9-4c8e-a80c-4573a83b0068,Cut & Style,28.0,30
e9cadce8-335a-450a-a334-2e8666ee1f97,ade4db25-1159-42f1-ada2-b70bc1b47ac5,Cut & Style,28.0,30
3637df5c-0f39-4ef7-9fec-6235f61a8904,ade4db25-1159-42f1-ada2-b70bc1b47ac5,Spray Tan,18.0,20
8f7edfee-312d-4402-a0ba-3e98ce764d06,778ea773-5c57-43c4-873a-226934b1f0a3,Eyebrow Tint,7.0,10
c53137bd-2f8c-4f87-9d00-2fbb98f5d01f,778ea773-5c57-43c4-873a-226934b1f0a3,Cut & Style,28.0,30
27412fd5-d153-4eeb-b085-4c449687884a,778ea773-5c57-43c4-873a-226934b1f0a3,Luxury Tri-Active Facial,35.0,30
751b6541-7a1a-48fe-8a65-99539d04c5e5,3d5cb862-f0fa-480a-bac0-e482f4aa39d9,Scalp Massage,21.0,20
99a129a9-8433-4cd2-8028-0f4d5721b998,cab9074c-3ec9-4dba-8745-82a6196d7bca,Cut & Style,28.0,30
9729da7c-25d1-43aa-b9bd-aea6e17374b7,cab9074c-3ec9-4dba-8745-82a6196d7bca,Skin Peel,60.0,60
f90a1724-fbff-4252-aa85-5854fe50e90d,fcd8e520-7a13-4bb1-a8d5-1f2a6d3bc97e,Skin Peel,60.0,60
d9f06b61-8584-4473-b6b7-e8508e789742,e5372ef8-5db3-403c-b7c5-f1e7fdc7b7d2,Cut & Style,28.0,30
76e79769-202c-4670-ad13-9c055db2521a,2f2a444c-c5ef-4bbb-a368-12d1b9924f10,Eyebrow Tint,7.0,10
4448befa-c831-47c4-868c-92ae94338908,2f2a444c-c5ef-4bbb-a368-12d1b9924f10,Skin Peel,60.0,60
a620c7fe-78ea-4870-973f-3a72afafd715,1c85fe65-4eb8-4e65-9736-e2795d5f05fe,Manicure,26.0,20
f5e59d4b-1c4f-470b-8748-f1467b295ba2,1c85fe65-4eb8-4e65-9736-e2795d5f05fe,Luxury Tri-Active Facial,35.0,30
6d414a04-a1cb-4408-ac07-b77538eed999,1c85fe65-4eb8-4e65-9736-e2795d5f05fe,Skin Peel,60.0,60
c2e59a75-cfeb-4b42-bc57-5525dc843af8,28a37e6a-117e-44ba-86dd-453e78f368a1,Manicure,26.0,20
712f8a4d-7f5a-464d-b95f-9184e3011453,28a37e6a-117e-44ba-86dd-453e78f368a1,Eyebrow Tint,7.0,10
7a4d0089-61df-4da0-bea4-93bc999e13d2,d8d46378-a244-4cf9-951a-a24a2d35a591,Spray Tan,18.0,20
998399ff-3a15-4a4a-ac5c-2d0411ac92ee,a2a83ff4-1308-4453-91bf-010ad4478f43,Eyebrow Wax,15.0,15
179514b0-20fc-4035-854a-cac4027ae9a1,6239337d-a878-4d04-9a9d-b5ac237705b6,Leg Wax,40.0,40
f2231747-8a2b-41ba-a6d4-5e35f52ca7cb,6239337d-a878-4d04-9a9d-b5ac237705b6,Scalp Massage,21.0,20
d78f12b4-f243-40b0-b41e-16a90e3a1a5d,6239337d-a878-4d04-9a9d-b5ac237705b6,Eyebrow Wax,15.0,15
16834b32-a37d-4bdb-8351-442ce025c8c4,b99992b1-d84f-4eaf-a32a-d96d63fb1be0,Manicure,26.0,20
37d9e56b-6316-46bf-a6d9-2a8eb45fe78a,8a98dc17-9465-492d-a1d3-c97fcc585adc,Spray Tan,18.0,20
98d21143-4837-410b-baa9-8cd0dd29f976,8a98dc17-9465-492d-a1d3-c97fcc585adc,Spray Tan,18.0,20
c336f53f-119e-422c-9439-491a29d9a3da,87246018-3172-48f4-b956-0728d3724914,Scalp Massage,21.0,20
0cdfab0d-1ef7-4b56-b4f6-9f511c94aa5d,2f5b55f4-74fb-426f-a7a5-14cb8c0a8d5e,Blowdry,20.0,20
e20484df-b0e1-4cf2-bb3d-19c172ed6608,2f5b55f4-74fb-426f-a7a5-14cb8c0a8d5e,Manicure,26.0,20
6bd51e14-a40e-4234-9cf8-de93aa77be55,4da34233-d62c-48de-8e17-206a276f2b7b,Eyebrow Wax,15.0,15
5d50c093-7929-4bbb-a6d0-8bfb62adb973,d2099acd-aa06-4697-8506-e7fbb5a8cacd,Skin Peel,60.0,60
a866721b-493b-4fb1-87bc-e618b11db3de,97f95de2-b738-47cd-8846-2b5b24f6faaa,Spray Tan,18.0,20
4bcee273-eab7-4768-8481-8b7bdb1a16c8,b4331833-cdce-4468-bde8-74770ea05368,Scalp Massage,21.0,20
1977a97a-b957-4818-985f-35f1e90ea19f,b4331833-cdce-4468-bde8-74770ea05368,Blowdry,20.0,20
de506b7c-6261-41c5-b45d-4c112fe95109,b4331833-cdce-4468-bde8-74770ea05368,Skin Peel,60.0,60
1a7cf766-30c7-46f5-89f2-d78f1ed4be92,377005a8-8bee-4ca5-8df6-128322dbd5a5,Manicure,26.0,20
1f7dffbb-aa2d-431a-8d99-0cf6765c5988,377005a8-8bee-4ca5-8df6-128322dbd5a5,Full Head Colour,85.0,80
e0e532d4-6d71-40ea-8f71-dc69c081f377,758b26b6-bb80-437b-834e-c8f1541a66ac,Luxury Tri-Active Facial,35.0,30
b2b22cd2-9b13-4298-9f9c-d3c1f33b6767,758b26b6-bb80-437b-834e-c8f1541a66ac,Eyebrow Tint,7.0,10
e82d3b4b-a582-484b-8188-ab569b93758d,6afa8399-8635-4b6c-9a71-175db7d4f298,Eyebrow Tint,7.0,10
81cab762-2311-4d21-b83b-51de17a4b0da,aa06df10-5b32-4d16-9a5e-1ee0d816caeb,Scalp Massage,21.0,20
24006b77-e377-453a-ab52-30d735625c9d,aa06df10-5b32-4d16-9a5e-1ee0d816caeb,Eyebrow Tint,7.0,10
f2fa0f1b-af5d-4335-8686-5a8c160b0caf,aa06df10-5b32-4d16-9a5e-1ee0d816caeb,Pedicure,46.0,40
76b069f0-1bef-4e18-87d8-e61c09b45b12,e921d96a-78d6-40e9-b57a-62d7e0c6fa13,Full Head Colour,85.0,80
0c9dc709-7216-4e15-a6c2-8e52c11dab4e,e921d96a-78d6-40e9-b57a-62d7e0c6fa13,Full Head Colour,85.0,80
b0393d53-e4be-4f0e-96b2-9d2667d4040b,e921d96a-78d6-40e9-b57a-62d7e0c6fa13,Pedicure,46.0,40
2f9461f4-74b3-49cc-b8c3-9412594c8168,978a1427-f825-4b59-9425-32615d6af284,Scalp Massage,21.0,20
85411f01-a9b9-4ed0-ad00-df6bfb35dafe,978a1427-f825-4b59-9425-32615d6af284,Scalp Massage,21.0,20
21835b05-1141-4924-a0c1-847a5aa3435f,636f28b3-97c9-4958-9be3-3d0c17ec228e,Luxury Tri-Active Facial,35.0,30
b4810c67-84d4-4802-83a4-7f33d4a7f775,fd764733-5d28-4bc7-a93a-aa3622300e52,Skin Peel,60.0,60
8b2714e4-3bba-4eea-8ebc-b2bfaa542ad2,fd764733-5d28-4bc7-a93a-aa3622300e52,Eyebrow Tint,7.0,10
7c6a8b9f-489c-4020-96e2-a29672c32628,8d510ea5-6d35-48f3-9e5d-2a400bd41fce,Scalp Massage,21.0,20
c13e2f1f-0fef-40fe-b128-b4e331c1dd66,63bb9ec5-8799-46f5-9b8c-04bddcb6434b,Luxury Tri-Active Facial,35.0,30
22ee385e-8d5a-40c5-9176-4f4a150f8e66,63bb9ec5-8799-46f5-9b8c-04bddcb6434b,Scalp Massage,21.0,20
74a321c6-af27-4c36-b49b-683b0814512b,63bb9ec5-8799-46f5-9b8c-04bddcb6434b,Manicure,26.0,20
eabc03bb-4428-46fe-9cbe-6fd0e3f82f3c,a670567d-bb09-4eaa-8e15-9ffdb1b50e7b,Leg Wax,40.0,40
98a13cf0-46e4-4f84-ab0b-4659dc30dfcb,a670567d-bb09-4eaa-8e15-9ffdb1b50e7b,Eyebrow Tint,7.0,10
637b69ce-cab0-450d-8d46-b16d70265228,8a6dd2d9-cd8d-4b46-9971-cc7d4fcd0bff,Leg Wax,40.0,40
0233aaf7-224e-4c32-a42e-4e12e96bcfd9,8a6dd2d9-cd8d-4b46-9971-cc7d4fcd0bff,Eyebrow Wax,15.0,15
b6f7bba7-669c-4bc9-87de-17ff1b8b01c8,8a6dd2d9-cd8d-4b46-9971-cc7d4fcd0bff,Leg Wax,40.0,40
